; GCode converted from Inkscape
; Scale: 1.0  FlipY: False  Rotate: 0.0°
; Skew correction: -5.0°
G28
GOHOME
M5  ; pen up

G0 X32.866 Y97.325
M3
G1 X33.182 Y97.422
G1 X33.499 Y97.507
G1 X33.818 Y97.58
G1 X34.139 Y97.643
G1 X34.461 Y97.694
G1 X34.784 Y97.735
G1 X35.109 Y97.766
G1 X35.435 Y97.787
G1 X35.761 Y97.798
G1 X36.089 Y97.799
G1 X36.416 Y97.791
G1 X36.746 Y97.774
G1 X37.075 Y97.749
G1 X37.405 Y97.715
G1 X37.735 Y97.673
G1 X38.065 Y97.624
G1 X38.395 Y97.567
G1 X38.725 Y97.502
G1 X39.055 Y97.431
G1 X39.385 Y97.352
G1 X39.713 Y97.268
G1 X40.042 Y97.177
G1 X40.371 Y97.08
G1 X40.698 Y96.978
G1 X41.024 Y96.87
G1 X41.35 Y96.758
G1 X41.674 Y96.64
G1 X41.997 Y96.518
G1 X42.319 Y96.392
G1 X42.639 Y96.262
G1 X42.958 Y96.128
G1 X43.275 Y95.991
G1 X43.59 Y95.851
G1 X43.903 Y95.708
G1 X44.214 Y95.562
G1 X44.523 Y95.414
G1 X44.83 Y95.264
G1 X45.135 Y95.112
G1 X45.437 Y94.959
G1 X45.737 Y94.805
G1 X46.23 Y94.545
G1 X46.467 Y94.418
G1 X46.707 Y94.287
G1 X46.949 Y94.154
G1 X47.19 Y94.018
G1 X47.434 Y93.88
G1 X47.677 Y93.74
G1 X47.92 Y93.598
G1 X48.163 Y93.456
G1 X48.403 Y93.313
G1 X48.642 Y93.17
G1 X48.878 Y93.027
G1 X49.112 Y92.884
G1 X49.341 Y92.743
G1 X49.566 Y92.602
G1 X49.787 Y92.464
G1 X50.003 Y92.328
G1 X50.213 Y92.194
G1 X50.417 Y92.063
G1 X50.613 Y91.936
G1 X50.801 Y91.812
G1 X50.983 Y91.693
G1 X51.156 Y91.578
G1 X51.32 Y91.468
G1 X51.474 Y91.363
G1 X51.649 Y91.242
M5
G0 X17.923 Y81.341
M3
G1 X17.813 Y81.288
G1 X17.693 Y81.237
G1 X17.562 Y81.189
G1 X17.421 Y81.144
G1 X17.273 Y81.1
G1 X17.115 Y81.058
G1 X16.951 Y81.017
G1 X16.78 Y80.978
G1 X16.605 Y80.94
G1 X16.423 Y80.903
G1 X16.238 Y80.867
G1 X16.05 Y80.832
G1 X15.86 Y80.796
G1 X15.667 Y80.761
G1 X15.474 Y80.726
G1 X15.281 Y80.691
G1 X15.09 Y80.655
G1 X14.899 Y80.619
G1 X14.711 Y80.582
G1 X14.525 Y80.543
G1 X14.344 Y80.504
G1 X14.167 Y80.463
G1 X13.996 Y80.42
G1 X13.832 Y80.376
G1 X13.674 Y80.329
G1 X13.524 Y80.28
G1 X13.368 Y80.223
G1 X13.182 Y80.145
G1 X12.996 Y80.058
G1 X12.809 Y79.962
G1 X12.623 Y79.858
G1 X12.44 Y79.747
G1 X12.259 Y79.631
G1 X12.082 Y79.509
G1 X11.909 Y79.384
G1 X11.741 Y79.255
G1 X11.579 Y79.124
G1 X11.423 Y78.992
G1 X11.275 Y78.859
G1 X11.135 Y78.728
G1 X11.006 Y78.597
G1 X10.948 Y78.537
G1 X10.893 Y78.476
G1 X10.841 Y78.415
G1 X10.789 Y78.356
G1 X10.739 Y78.299
G1 X10.687 Y78.245
G1 X10.636 Y78.193
G1 X10.583 Y78.144
G1 X10.527 Y78.1
G1 X10.47 Y78.061
G1 X10.408 Y78.027
G1 X10.341 Y77.999
G1 X10.269 Y77.977
G1 X10.191 Y77.962
G1 X10.107 Y77.955
G1 X10.039 Y77.958
G1 X9.97 Y77.97
G1 X9.9 Y77.992
G1 X9.83 Y78.023
G1 X9.761 Y78.061
G1 X9.693 Y78.107
G1 X9.626 Y78.158
G1 X9.56 Y78.215
G1 X9.498 Y78.276
G1 X9.437 Y78.341
G1 X9.38 Y78.409
G1 X9.326 Y78.479
G1 X9.276 Y78.551
G1 X9.23 Y78.623
G1 X9.189 Y78.695
G1 X9.154 Y78.766
G1 X9.123 Y78.836
G1 X9.07 Y78.981
G1 X9.027 Y79.132
G1 X8.991 Y79.289
G1 X8.963 Y79.451
G1 X8.942 Y79.619
G1 X8.929 Y79.79
G1 X8.922 Y79.965
G1 X8.92 Y80.144
G1 X8.924 Y80.325
G1 X8.933 Y80.508
G1 X8.946 Y80.693
G1 X8.964 Y80.879
G1 X8.985 Y81.065
G1 X9.009 Y81.252
G1 X9.036 Y81.438
G1 X9.065 Y81.623
G1 X9.095 Y81.806
G1 X9.127 Y81.987
G1 X9.159 Y82.166
G1 X9.192 Y82.341
G1 X9.225 Y82.512
G1 X9.256 Y82.68
G1 X9.287 Y82.842
G1 X9.317 Y82.999
G1 X9.343 Y83.151
G1 X9.379 Y83.369
G1 X9.407 Y83.552
G1 X9.433 Y83.729
G1 X9.457 Y83.9
G1 X9.481 Y84.067
G1 X9.506 Y84.231
G1 X9.532 Y84.391
G1 X9.56 Y84.55
G1 X9.592 Y84.708
G1 X9.628 Y84.866
G1 X9.67 Y85.025
G1 X9.717 Y85.186
G1 X9.772 Y85.349
G1 X9.834 Y85.516
G1 X9.954 Y85.816
G1 X10.079 Y86.118
G1 X10.209 Y86.422
G1 X10.343 Y86.728
G1 X10.483 Y87.034
G1 X10.627 Y87.339
G1 X10.775 Y87.642
G1 X10.929 Y87.943
G1 X11.088 Y88.241
G1 X11.251 Y88.535
G1 X11.419 Y88.823
G1 X11.592 Y89.105
G1 X11.77 Y89.381
G1 X11.953 Y89.649
G1 X12.141 Y89.908
G1 X12.333 Y90.157
G1 X12.422 Y90.264
G1 X12.508 Y90.362
G1 X12.594 Y90.453
G1 X12.679 Y90.538
G1 X12.764 Y90.618
G1 X12.848 Y90.695
G1 X12.934 Y90.77
G1 X13.02 Y90.846
G1 X13.107 Y90.922
G1 X13.197 Y91.001
G1 X13.289 Y91.084
G1 X13.383 Y91.172
G1 X13.48 Y91.268
G1 X13.581 Y91.372
G1 X13.684 Y91.482
G1 X13.78 Y91.588
G1 X13.869 Y91.689
G1 X13.955 Y91.787
G1 X14.037 Y91.881
G1 X14.119 Y91.974
G1 X14.201 Y92.065
G1 X14.286 Y92.156
G1 X14.374 Y92.247
G1 X14.467 Y92.339
G1 X14.568 Y92.432
G1 X14.678 Y92.529
G1 X14.927 Y92.737
G1 X15.185 Y92.943
G1 X15.45 Y93.146
G1 X15.722 Y93.345
G1 X16.002 Y93.54
G1 X16.288 Y93.731
G1 X16.58 Y93.917
G1 X16.877 Y94.098
G1 X17.181 Y94.273
G1 X17.488 Y94.443
G1 X17.8 Y94.606
G1 X18.114 Y94.763
G1 X18.433 Y94.913
G1 X18.754 Y95.055
G1 X19.077 Y95.19
G1 X19.402 Y95.317
G1 X19.729 Y95.435
G1 X20.056 Y95.544
G1 X20.383 Y95.645
G1 X20.71 Y95.735
G1 X21.037 Y95.816
G1 X21.362 Y95.886
G1 X21.686 Y95.946
G1 X22.009 Y95.994
G1 X22.265 Y96.029
G1 X22.521 Y96.064
G1 X22.778 Y96.099
G1 X23.036 Y96.133
G1 X23.294 Y96.165
G1 X23.551 Y96.193
G1 X23.808 Y96.218
G1 X24.064 Y96.238
G1 X24.32 Y96.252
G1 X24.574 Y96.259
G1 X24.826 Y96.259
G1 X25.078 Y96.25
G1 X25.328 Y96.231
G1 X25.677 Y96.199
G1 X26.022 Y96.169
G1 X26.365 Y96.14
G1 X26.705 Y96.111
G1 X27.044 Y96.081
G1 X27.382 Y96.05
G1 X27.718 Y96.016
G1 X28.054 Y95.979
G1 X28.389 Y95.939
G1 X28.725 Y95.893
G1 X29.063 Y95.842
G1 X29.401 Y95.785
G1 X29.74 Y95.721
G1 X30.083 Y95.648
G1 X30.428 Y95.567
G1 X30.776 Y95.477
G1 X31.128 Y95.376
G1 X31.691 Y95.202
G1 X32.252 Y95.018
G1 X32.811 Y94.825
G1 X33.37 Y94.625
G1 X33.928 Y94.417
G1 X34.484 Y94.203
G1 X35.039 Y93.984
G1 X35.595 Y93.761
G1 X36.149 Y93.533
G1 X36.702 Y93.303
G1 X37.254 Y93.071
G1 X37.807 Y92.838
G1 X38.358 Y92.605
G1 X38.909 Y92.372
G1 X39.461 Y92.14
G1 X40.012 Y91.911
G1 X40.563 Y91.684
G1 X41.113 Y91.462
G1 X41.664 Y91.244
G1 X42.215 Y91.032
G1 X42.766 Y90.826
G1 X43.317 Y90.627
G1 X43.869 Y90.437
G1 X44.421 Y90.256
G1 X44.973 Y90.084
G1 X45.807 Y89.845
G1 X46.092 Y89.771
G1 X46.383 Y89.701
G1 X46.678 Y89.636
G1 X46.975 Y89.577
G1 X47.275 Y89.523
G1 X47.574 Y89.475
G1 X47.873 Y89.433
G1 X48.17 Y89.398
G1 X48.463 Y89.37
G1 X48.752 Y89.35
G1 X49.035 Y89.337
G1 X49.311 Y89.333
G1 X49.461 Y89.334
G1 X49.618 Y89.337
G1 X49.782 Y89.343
G1 X49.949 Y89.349
G1 X50.121 Y89.357
G1 X50.295 Y89.366
G1 X50.471 Y89.376
G1 X50.646 Y89.386
G1 X50.821 Y89.397
G1 X50.993 Y89.407
G1 X51.162 Y89.417
G1 X51.327 Y89.426
G1 X51.487 Y89.434
G1 X51.639 Y89.441
G1 X51.783 Y89.447
G1 X51.919 Y89.451
G1 X52.044 Y89.452
G1 X52.108 Y89.454
G1 X52.179 Y89.457
G1 X52.255 Y89.46
G1 X52.336 Y89.463
G1 X52.42 Y89.465
G1 X52.507 Y89.465
G1 X52.594 Y89.462
G1 X52.683 Y89.455
G1 X52.77 Y89.443
G1 X52.855 Y89.426
G1 X52.938 Y89.402
G1 X53.017 Y89.37
G1 X53.091 Y89.33
G1 X53.154 Y89.286
G1 X53.209 Y89.241
G1 X53.254 Y89.196
G1 X53.291 Y89.151
G1 X53.321 Y89.106
G1 X53.345 Y89.059
G1 X53.364 Y89.013
G1 X53.38 Y88.965
G1 X53.392 Y88.918
G1 X53.401 Y88.869
G1 X53.41 Y88.82
G1 X53.419 Y88.771
G1 X53.428 Y88.72
G1 X53.439 Y88.669
G1 X53.454 Y88.617
G1 X53.473 Y88.564
G1 X53.499 Y88.502
G1 X53.532 Y88.432
G1 X53.57 Y88.354
G1 X53.613 Y88.27
G1 X53.661 Y88.179
G1 X53.713 Y88.083
G1 X53.768 Y87.981
G1 X53.824 Y87.874
G1 X53.883 Y87.764
G1 X53.943 Y87.649
G1 X54.002 Y87.532
G1 X54.061 Y87.412
G1 X54.12 Y87.291
G1 X54.177 Y87.168
G1 X54.231 Y87.044
G1 X54.281 Y86.92
G1 X54.328 Y86.796
G1 X54.371 Y86.673
G1 X54.409 Y86.551
G1 X54.44 Y86.431
G1 X54.466 Y86.314
G1 X54.482 Y86.2
G1 X54.492 Y86.09
G1 X54.493 Y85.983
G1 X54.485 Y85.882
G1 X54.458 Y85.755
G1 X54.396 Y85.563
G1 X54.322 Y85.375
G1 X54.238 Y85.192
G1 X54.142 Y85.013
G1 X54.039 Y84.839
G1 X53.925 Y84.668
G1 X53.802 Y84.502
G1 X53.672 Y84.34
G1 X53.534 Y84.182
G1 X53.388 Y84.029
G1 X53.236 Y83.881
G1 X53.079 Y83.736
G1 X52.915 Y83.596
G1 X52.746 Y83.461
G1 X52.573 Y83.33
G1 X52.395 Y83.203
G1 X52.212 Y83.081
G1 X52.028 Y82.964
G1 X51.84 Y82.851
G1 X51.65 Y82.743
G1 X51.459 Y82.639
G1 X51.266 Y82.54
G1 X51.072 Y82.446
G1 X50.879 Y82.356
G1 X50.685 Y82.271
G1 X50.492 Y82.191
G1 X50.301 Y82.115
G1 X50.111 Y82.044
G1 X49.923 Y81.978
G1 X49.738 Y81.917
G1 X49.556 Y81.861
G1 X49.378 Y81.809
G1 X49.204 Y81.763
G1 X49.034 Y81.721
G1 X48.871 Y81.684
G1 X48.712 Y81.652
G1 X48.56 Y81.626
G1 X48.415 Y81.604
G1 X48.2 Y81.58
M5
G0 X15.624 Y91.242
M3
G1 X15.783 Y91.287
G1 X15.933 Y91.334
G1 X16.077 Y91.381
G1 X16.214 Y91.429
G1 X16.346 Y91.477
G1 X16.472 Y91.526
G1 X16.593 Y91.575
G1 X16.711 Y91.625
G1 X16.826 Y91.674
G1 X16.937 Y91.725
G1 X17.046 Y91.775
G1 X17.154 Y91.826
G1 X17.261 Y91.876
G1 X17.367 Y91.927
G1 X17.474 Y91.978
G1 X17.582 Y92.028
G1 X17.69 Y92.079
G1 X17.801 Y92.129
G1 X17.914 Y92.179
G1 X18.031 Y92.229
G1 X18.152 Y92.279
G1 X18.277 Y92.328
G1 X18.407 Y92.377
G1 X18.543 Y92.426
G1 X18.686 Y92.474
G1 X18.834 Y92.521
G1 X18.99 Y92.567
G1 X19.155 Y92.613
G1 X19.328 Y92.659
G1 X19.511 Y92.703
G1 X19.703 Y92.747
G1 X19.906 Y92.79
G1 X20.255 Y92.856
G1 X20.431 Y92.885
G1 X20.598 Y92.908
G1 X20.757 Y92.926
G1 X20.91 Y92.938
G1 X21.056 Y92.947
G1 X21.199 Y92.952
G1 X21.337 Y92.953
G1 X21.471 Y92.953
G1 X21.602 Y92.95
G1 X21.732 Y92.947
G1 X21.861 Y92.943
G1 X21.989 Y92.938
G1 X22.118 Y92.935
G1 X22.248 Y92.933
G1 X22.382 Y92.932
G1 X22.517 Y92.935
G1 X22.657 Y92.94
G1 X22.801 Y92.949
G1 X22.951 Y92.962
G1 X23.107 Y92.98
G1 X23.282 Y92.999
G1 X23.452 Y93.008
G1 X23.619 Y93.01
G1 X23.782 Y93.005
G1 X23.944 Y92.996
G1 X24.103 Y92.982
G1 X24.262 Y92.967
G1 X24.421 Y92.95
G1 X24.579 Y92.934
G1 X24.741 Y92.919
G1 X24.903 Y92.907
G1 X25.197 Y92.884
G1 X25.49 Y92.849
G1 X25.782 Y92.804
G1 X26.073 Y92.748
G1 X26.361 Y92.683
G1 X26.649 Y92.609
G1 X26.935 Y92.526
G1 X27.221 Y92.435
G1 X27.506 Y92.337
G1 X27.789 Y92.232
G1 X28.072 Y92.12
G1 X28.353 Y92.003
G1 X28.634 Y91.88
G1 X28.914 Y91.752
G1 X29.192 Y91.62
G1 X29.471 Y91.484
G1 X29.749 Y91.345
G1 X30.027 Y91.204
G1 X30.303 Y91.06
G1 X30.58 Y90.914
G1 X30.856 Y90.768
G1 X31.132 Y90.62
G1 X31.408 Y90.473
G1 X31.683 Y90.326
G1 X31.958 Y90.18
G1 X32.234 Y90.036
G1 X32.509 Y89.894
G1 X32.785 Y89.754
G1 X33.188 Y89.556
G1 X33.492 Y89.413
G1 X33.8 Y89.276
G1 X34.111 Y89.144
G1 X34.425 Y89.018
G1 X34.742 Y88.896
G1 X35.061 Y88.777
G1 X35.382 Y88.662
G1 X35.705 Y88.549
G1 X36.029 Y88.439
G1 X36.354 Y88.33
G1 X36.68 Y88.222
G1 X37.006 Y88.114
G1 X37.332 Y88.007
G1 X37.659 Y87.899
G1 X37.985 Y87.789
G1 X38.311 Y87.678
G1 X38.635 Y87.564
G1 X38.958 Y87.448
G1 X39.28 Y87.328
G1 X39.6 Y87.204
G1 X39.917 Y87.076
G1 X40.232 Y86.942
G1 X40.544 Y86.803
G1 X40.852 Y86.658
G1 X41.158 Y86.506
G1 X41.46 Y86.347
G1 X41.757 Y86.18
G1 X42.051 Y86.004
G1 X42.339 Y85.82
G1 X42.723 Y85.554
G1 X42.937 Y85.392
G1 X43.143 Y85.223
G1 X43.341 Y85.048
G1 X43.531 Y84.866
G1 X43.714 Y84.677
G1 X43.889 Y84.483
G1 X44.056 Y84.284
G1 X44.216 Y84.079
G1 X44.368 Y83.869
G1 X44.514 Y83.655
G1 X44.652 Y83.437
G1 X44.785 Y83.215
G1 X44.909 Y82.989
G1 X45.027 Y82.76
G1 X45.139 Y82.528
G1 X45.244 Y82.294
G1 X45.343 Y82.057
G1 X45.436 Y81.818
G1 X45.491 Y81.668
G1 X45.541 Y81.525
G1 X45.588 Y81.386
G1 X45.631 Y81.252
G1 X45.671 Y81.12
G1 X45.707 Y80.99
G1 X45.741 Y80.86
G1 X45.772 Y80.729
G1 X45.802 Y80.595
G1 X45.83 Y80.458
G1 X45.856 Y80.315
G1 X45.881 Y80.167
G1 X45.907 Y80.011
G1 X45.931 Y79.846
G1 X45.957 Y79.671
G1 X45.977 Y79.499
G1 X45.99 Y79.334
G1 X45.995 Y79.175
G1 X45.994 Y79.019
G1 X45.985 Y78.865
G1 X45.972 Y78.712
G1 X45.951 Y78.558
G1 X45.925 Y78.401
G1 X45.893 Y78.24
G1 X45.866 Y78.115
G1 X45.838 Y78.003
G1 X45.81 Y77.901
G1 X45.78 Y77.809
G1 X45.75 Y77.727
G1 X45.718 Y77.654
G1 X45.685 Y77.59
G1 X45.652 Y77.533
G1 X45.617 Y77.484
G1 X45.581 Y77.442
G1 X45.543 Y77.405
G1 X45.504 Y77.375
G1 X45.463 Y77.349
G1 X45.421 Y77.328
G1 X45.376 Y77.311
G1 X45.33 Y77.297
G1 X45.282 Y77.285
G1 X45.233 Y77.276
G1 X45.182 Y77.268
G1 X45.128 Y77.261
G1 X45.072 Y77.255
G1 X45.014 Y77.248
G1 X44.953 Y77.241
G1 X44.89 Y77.232
G1 X44.825 Y77.221
G1 X44.757 Y77.208
G1 X44.687 Y77.191
G1 X44.613 Y77.171
G1 X44.537 Y77.146
G1 X44.458 Y77.117
G1 X44.302 Y77.047
G1 X44.19 Y77.289
G1 X44.076 Y77.534
G1 X43.96 Y77.78
G1 X43.844 Y78.027
G1 X43.725 Y78.276
G1 X43.603 Y78.525
G1 X43.479 Y78.775
G1 X43.353 Y79.025
G1 X43.222 Y79.275
G1 X43.09 Y79.524
G1 X42.952 Y79.773
G1 X42.811 Y80.021
G1 X42.666 Y80.267
G1 X42.515 Y80.512
G1 X42.36 Y80.755
G1 X42.199 Y80.997
G1 X42.033 Y81.235
G1 X41.861 Y81.472
G1 X41.683 Y81.705
G1 X41.499 Y81.935
G1 X41.307 Y82.161
G1 X41.108 Y82.384
G1 X40.902 Y82.603
G1 X40.689 Y82.817
G1 X40.468 Y83.027
G1 X40.238 Y83.232
G1 X40.0 Y83.431
G1 X39.753 Y83.625
G1 X39.283 Y83.96
G1 X39.128 Y84.063
G1 X38.964 Y84.166
G1 X38.792 Y84.269
G1 X38.614 Y84.373
G1 X38.429 Y84.477
G1 X38.239 Y84.58
G1 X38.044 Y84.683
G1 X37.844 Y84.785
G1 X37.642 Y84.885
G1 X37.436 Y84.983
G1 X37.227 Y85.08
G1 X37.018 Y85.174
G1 X36.807 Y85.265
G1 X36.596 Y85.354
G1 X36.386 Y85.439
G1 X36.177 Y85.521
G1 X35.97 Y85.599
G1 X35.765 Y85.673
G1 X35.563 Y85.742
G1 X35.364 Y85.807
G1 X35.171 Y85.866
G1 X34.982 Y85.92
G1 X34.799 Y85.968
G1 X34.622 Y86.01
G1 X34.453 Y86.045
G1 X34.291 Y86.074
G1 X34.138 Y86.096
G1 X33.966 Y86.112
M5
G0 X53.356 Y89.452
M3
G1 X53.601 Y89.453
G1 X53.847 Y89.454
G1 X54.095 Y89.456
G1 X54.342 Y89.458
G1 X54.591 Y89.459
G1 X54.841 Y89.458
G1 X55.094 Y89.456
G1 X55.346 Y89.452
G1 X55.601 Y89.445
G1 X55.857 Y89.434
G1 X56.114 Y89.42
G1 X56.372 Y89.402
G1 X56.632 Y89.378
G1 X56.894 Y89.35
G1 X57.157 Y89.315
G1 X57.423 Y89.274
G1 X57.69 Y89.226
G1 X57.958 Y89.171
G1 X58.228 Y89.108
G1 X58.5 Y89.037
G1 X58.774 Y88.956
G1 X59.051 Y88.866
G1 X59.329 Y88.766
G1 X59.61 Y88.656
G1 X60.126 Y88.426
G1 X60.355 Y88.314
G1 X60.589 Y88.193
G1 X60.829 Y88.065
G1 X61.072 Y87.929
G1 X61.319 Y87.786
G1 X61.566 Y87.639
G1 X61.812 Y87.486
G1 X62.057 Y87.329
G1 X62.299 Y87.169
G1 X62.536 Y87.006
G1 X62.766 Y86.842
G1 X62.99 Y86.676
G1 X63.204 Y86.51
G1 X63.409 Y86.345
G1 X63.742 Y86.062
G1 X64.067 Y85.77
G1 X64.387 Y85.469
G1 X64.703 Y85.159
G1 X65.011 Y84.841
G1 X65.316 Y84.514
G1 X65.614 Y84.18
G1 X65.906 Y83.838
G1 X66.194 Y83.49
G1 X66.476 Y83.135
G1 X66.753 Y82.774
G1 X67.024 Y82.407
G1 X67.291 Y82.035
G1 X67.552 Y81.657
G1 X67.808 Y81.276
G1 X68.059 Y80.889
G1 X68.305 Y80.499
G1 X68.547 Y80.106
G1 X68.783 Y79.709
G1 X69.014 Y79.31
G1 X69.241 Y78.909
G1 X69.463 Y78.505
G1 X69.68 Y78.1
G1 X69.893 Y77.694
G1 X70.101 Y77.287
G1 X70.305 Y76.879
G1 X70.504 Y76.472
G1 X70.698 Y76.065
G1 X70.889 Y75.659
G1 X71.075 Y75.253
G1 X71.256 Y74.85
G1 X71.434 Y74.448
G1 X71.608 Y74.048
G1 X71.776 Y73.651
G1 X72.003 Y73.11
G1 X72.099 Y72.864
G1 X72.186 Y72.617
G1 X72.264 Y72.37
G1 X72.336 Y72.122
G1 X72.401 Y71.873
G1 X72.462 Y71.624
G1 X72.518 Y71.375
G1 X72.573 Y71.126
G1 X72.626 Y70.876
G1 X72.679 Y70.627
G1 X72.733 Y70.377
G1 X72.789 Y70.128
G1 X72.828 Y69.953
G1 X72.864 Y69.787
G1 X72.898 Y69.63
G1 X72.93 Y69.48
G1 X72.96 Y69.336
G1 X72.989 Y69.197
G1 X73.017 Y69.062
G1 X73.043 Y68.929
G1 X73.071 Y68.799
G1 X73.098 Y68.668
G1 X73.127 Y68.537
G1 X73.155 Y68.404
G1 X73.187 Y68.267
G1 X73.221 Y68.127
G1 X73.256 Y67.981
G1 X73.283 Y67.877
G1 X73.307 Y67.781
G1 X73.33 Y67.69
G1 X73.351 Y67.602
G1 X73.37 Y67.515
G1 X73.388 Y67.428
G1 X73.405 Y67.337
G1 X73.42 Y67.241
G1 X73.434 Y67.139
G1 X73.448 Y67.027
G1 X73.46 Y66.916
G1 X73.468 Y66.816
G1 X73.474 Y66.726
G1 X73.478 Y66.643
G1 X73.481 Y66.566
G1 X73.482 Y66.495
G1 X73.484 Y66.428
G1 X73.485 Y66.364
G1 X73.486 Y66.301
G1 X73.488 Y66.239
G1 X73.491 Y66.176
G1 X73.495 Y66.11
G1 X73.502 Y66.04
G1 X73.512 Y65.966
G1 X73.524 Y65.886
G1 X73.539 Y65.798
G1 X73.559 Y65.702
G1 X73.582 Y65.595
G1 X73.615 Y65.472
G1 X73.652 Y65.357
G1 X73.694 Y65.248
G1 X73.739 Y65.143
G1 X73.786 Y65.042
G1 X73.833 Y64.942
G1 X73.882 Y64.843
G1 X73.929 Y64.743
G1 X73.974 Y64.641
G1 X74.006 Y64.564
G1 X74.042 Y64.477
G1 X74.08 Y64.382
G1 X74.121 Y64.28
G1 X74.164 Y64.171
G1 X74.209 Y64.058
G1 X74.254 Y63.941
G1 X74.3 Y63.822
G1 X74.346 Y63.702
G1 X74.391 Y63.582
G1 X74.437 Y63.463
G1 X74.48 Y63.348
G1 X74.521 Y63.236
G1 X74.56 Y63.129
G1 X74.597 Y63.028
G1 X74.63 Y62.936
G1 X74.659 Y62.852
G1 X74.703 Y62.727
G1 X74.743 Y62.611
G1 X74.779 Y62.503
G1 X74.811 Y62.402
G1 X74.837 Y62.307
G1 X74.857 Y62.215
G1 X74.871 Y62.127
G1 X74.876 Y62.04
G1 X74.875 Y61.954
G1 X74.865 Y61.867
G1 X74.846 Y61.778
G1 X74.817 Y61.686
G1 X74.786 Y61.614
G1 X74.748 Y61.55
G1 X74.704 Y61.495
G1 X74.654 Y61.446
G1 X74.599 Y61.404
G1 X74.539 Y61.368
G1 X74.476 Y61.337
G1 X74.409 Y61.311
G1 X74.34 Y61.288
G1 X74.27 Y61.269
G1 X74.197 Y61.253
G1 X74.125 Y61.239
G1 X74.052 Y61.227
G1 X73.98 Y61.215
G1 X73.909 Y61.203
G1 X73.841 Y61.192
G1 X73.704 Y61.168
G1 X73.56 Y61.143
G1 X73.41 Y61.117
G1 X73.255 Y61.09
G1 X73.098 Y61.061
G1 X72.94 Y61.031
G1 X72.783 Y60.998
G1 X72.629 Y60.963
G1 X72.48 Y60.925
G1 X72.337 Y60.885
G1 X72.202 Y60.84
G1 X71.971 Y60.753
G1 X71.743 Y60.658
G1 X71.52 Y60.554
G1 X71.302 Y60.445
G1 X71.087 Y60.33
G1 X70.876 Y60.212
G1 X70.67 Y60.091
G1 X70.468 Y59.969
G1 X70.271 Y59.846
G1 X70.079 Y59.724
G1 X69.891 Y59.605
G1 X69.708 Y59.489
G1 X69.53 Y59.378
G1 X69.357 Y59.273
M5
G0 X-46.662 Y50.565
M3
G1 X-46.662 Y50.405
G1 X-46.652 Y50.238
G1 X-46.635 Y50.064
G1 X-46.611 Y49.885
G1 X-46.581 Y49.701
G1 X-46.548 Y49.514
G1 X-46.51 Y49.324
G1 X-46.469 Y49.132
G1 X-46.428 Y48.939
G1 X-46.385 Y48.746
G1 X-46.343 Y48.553
G1 X-46.302 Y48.363
G1 X-46.264 Y48.174
G1 X-46.228 Y47.989
G1 X-46.198 Y47.809
G1 X-46.171 Y47.633
G1 X-46.153 Y47.464
G1 X-46.146 Y47.405
G1 X-46.137 Y47.337
G1 X-46.128 Y47.262
G1 X-46.118 Y47.182
G1 X-46.108 Y47.097
G1 X-46.101 Y47.01
G1 X-46.095 Y46.921
G1 X-46.091 Y46.833
G1 X-46.092 Y46.747
G1 X-46.097 Y46.664
G1 X-46.107 Y46.586
G1 X-46.122 Y46.514
G1 X-46.147 Y46.432
G1 X-46.173 Y46.36
G1 X-46.197 Y46.297
G1 X-46.223 Y46.243
G1 X-46.248 Y46.195
G1 X-46.273 Y46.154
G1 X-46.299 Y46.119
G1 X-46.324 Y46.088
G1 X-46.349 Y46.06
G1 X-46.375 Y46.035
G1 X-46.4 Y46.012
G1 X-46.425 Y45.99
G1 X-46.45 Y45.967
G1 X-46.474 Y45.943
G1 X-46.499 Y45.917
G1 X-46.524 Y45.888
G1 X-46.549 Y45.855
G1 X-46.572 Y45.817
G1 X-46.597 Y45.773
G1 X-46.621 Y45.723
G1 X-46.645 Y45.665
G1 X-46.668 Y45.598
G1 X-46.692 Y45.521
G1 X-46.714 Y45.434
G1 X-46.734 Y45.345
G1 X-46.753 Y45.247
G1 X-46.769 Y45.141
G1 X-46.786 Y45.029
G1 X-46.801 Y44.913
G1 X-46.816 Y44.795
G1 X-46.831 Y44.677
G1 X-46.846 Y44.561
G1 X-46.861 Y44.449
G1 X-46.876 Y44.342
G1 X-46.894 Y44.243
G1 X-46.938 Y43.978
G1 X-46.977 Y43.705
G1 X-47.011 Y43.425
G1 X-47.041 Y43.141
G1 X-47.068 Y42.853
G1 X-47.094 Y42.563
G1 X-47.117 Y42.273
G1 X-47.141 Y41.985
G1 X-47.164 Y41.699
G1 X-47.189 Y41.417
G1 X-47.214 Y41.142
G1 X-47.231 Y40.966
G1 X-47.245 Y40.796
G1 X-47.259 Y40.629
G1 X-47.27 Y40.465
G1 X-47.281 Y40.303
G1 X-47.292 Y40.142
G1 X-47.303 Y39.982
G1 X-47.315 Y39.82
G1 X-47.329 Y39.657
G1 X-47.344 Y39.492
G1 X-47.362 Y39.323
G1 X-47.383 Y39.151
G1 X-47.408 Y38.972
G1 X-47.436 Y38.788
G1 X-47.469 Y38.597
G1 X-47.506 Y38.398
G1 X-47.538 Y38.233
G1 X-47.571 Y38.058
G1 X-47.603 Y37.876
G1 X-47.636 Y37.686
G1 X-47.669 Y37.49
G1 X-47.703 Y37.289
G1 X-47.737 Y37.083
G1 X-47.772 Y36.874
G1 X-47.807 Y36.661
G1 X-47.843 Y36.447
G1 X-47.88 Y36.232
G1 X-47.916 Y36.017
G1 X-47.954 Y35.802
G1 X-47.993 Y35.589
G1 X-48.031 Y35.379
G1 X-48.071 Y35.172
G1 X-48.112 Y34.969
G1 X-48.153 Y34.772
G1 X-48.196 Y34.581
G1 X-48.239 Y34.396
G1 X-48.284 Y34.22
G1 X-48.329 Y34.052
G1 X-48.375 Y33.894
G1 X-48.422 Y33.746
G1 X-48.47 Y33.612
G1 X-48.519 Y33.488
G1 X-48.568 Y33.376
G1 X-48.618 Y33.273
G1 X-48.668 Y33.18
G1 X-48.719 Y33.096
G1 X-48.77 Y33.019
G1 X-48.821 Y32.951
G1 X-48.871 Y32.889
G1 X-48.922 Y32.834
G1 X-48.971 Y32.785
G1 X-49.021 Y32.741
G1 X-49.07 Y32.701
G1 X-49.118 Y32.666
G1 X-49.165 Y32.634
G1 X-49.212 Y32.605
G1 X-49.256 Y32.579
G1 X-49.299 Y32.554
G1 X-49.341 Y32.53
G1 X-49.381 Y32.507
G1 X-49.419 Y32.483
G1 X-49.456 Y32.459
G1 X-49.49 Y32.434
G1 X-49.523 Y32.475
G1 X-49.556 Y32.514
G1 X-49.587 Y32.552
G1 X-49.617 Y32.59
G1 X-49.647 Y32.628
G1 X-49.675 Y32.667
G1 X-49.701 Y32.707
G1 X-49.727 Y32.749
G1 X-49.751 Y32.794
G1 X-49.774 Y32.841
G1 X-49.795 Y32.892
G1 X-49.814 Y32.947
G1 X-49.833 Y33.007
G1 X-49.848 Y33.072
G1 X-49.863 Y33.143
G1 X-49.874 Y33.22
G1 X-49.885 Y33.304
G1 X-49.893 Y33.395
G1 X-49.898 Y33.495
G1 X-49.902 Y33.603
G1 X-49.903 Y33.72
G1 X-49.901 Y33.847
G1 X-49.897 Y33.985
G1 X-49.892 Y34.172
G1 X-49.886 Y34.367
G1 X-49.88 Y34.57
G1 X-49.876 Y34.779
G1 X-49.87 Y34.993
G1 X-49.866 Y35.211
G1 X-49.86 Y35.432
G1 X-49.854 Y35.654
G1 X-49.848 Y35.878
G1 X-49.84 Y36.101
G1 X-49.833 Y36.323
G1 X-49.824 Y36.542
G1 X-49.814 Y36.758
G1 X-49.801 Y36.97
G1 X-49.788 Y37.176
G1 X-49.774 Y37.375
G1 X-49.757 Y37.566
G1 X-49.739 Y37.748
G1 X-49.717 Y37.921
G1 X-49.668 Y38.333
G1 X-49.627 Y38.751
G1 X-49.595 Y39.174
G1 X-49.57 Y39.602
G1 X-49.55 Y40.033
G1 X-49.535 Y40.467
G1 X-49.524 Y40.903
G1 X-49.515 Y41.34
G1 X-49.508 Y41.779
G1 X-49.501 Y42.217
G1 X-49.493 Y42.656
G1 X-49.484 Y43.092
G1 X-49.472 Y43.527
G1 X-49.468 Y43.659
G1 X-49.465 Y43.783
G1 X-49.462 Y43.901
G1 X-49.46 Y44.016
G1 X-49.46 Y44.129
G1 X-49.462 Y44.242
G1 X-49.466 Y44.357
G1 X-49.472 Y44.476
G1 X-49.48 Y44.601
G1 X-49.498 Y44.88
G1 X-49.508 Y45.165
G1 X-49.512 Y45.456
G1 X-49.511 Y45.75
G1 X-49.503 Y46.047
G1 X-49.492 Y46.345
G1 X-49.477 Y46.644
G1 X-49.459 Y46.943
G1 X-49.439 Y47.239
G1 X-49.417 Y47.532
G1 X-49.395 Y47.822
G1 X-49.364 Y48.245
G1 X-49.338 Y48.661
G1 X-49.315 Y49.071
G1 X-49.296 Y49.475
G1 X-49.276 Y49.874
G1 X-49.259 Y50.27
G1 X-49.241 Y50.664
G1 X-49.221 Y51.056
G1 X-49.199 Y51.448
G1 X-49.174 Y51.841
G1 X-49.145 Y52.235
G1 X-49.103 Y52.686
G1 X-49.053 Y53.135
G1 X-48.992 Y53.582
G1 X-48.921 Y54.027
G1 X-48.842 Y54.47
G1 X-48.754 Y54.911
G1 X-48.657 Y55.349
G1 X-48.553 Y55.785
G1 X-48.439 Y56.218
G1 X-48.318 Y56.649
G1 X-48.15 Y57.216
G1 X-47.97 Y57.786
G1 X-47.781 Y58.358
G1 X-47.583 Y58.931
G1 X-47.377 Y59.503
G1 X-47.163 Y60.075
G1 X-46.943 Y60.644
G1 X-46.715 Y61.21
G1 X-46.483 Y61.772
G1 X-46.246 Y62.329
G1 X-46.004 Y62.879
G1 X-45.76 Y63.422
G1 X-45.513 Y63.957
G1 X-45.263 Y64.483
G1 X-45.012 Y64.999
G1 X-44.719 Y65.579
G1 X-44.416 Y66.155
G1 X-44.103 Y66.726
G1 X-43.779 Y67.292
G1 X-43.446 Y67.853
G1 X-43.104 Y68.409
G1 X-42.753 Y68.958
G1 X-42.393 Y69.502
G1 X-42.025 Y70.039
G1 X-41.648 Y70.569
G1 X-41.265 Y71.092
G1 X-40.873 Y71.608
G1 X-40.474 Y72.116
G1 X-40.069 Y72.616
G1 X-39.658 Y73.108
G1 X-39.24 Y73.591
G1 X-38.818 Y74.065
G1 X-38.44 Y74.471
G1 X-38.055 Y74.871
G1 X-37.663 Y75.263
G1 X-37.262 Y75.649
G1 X-36.857 Y76.028
G1 X-36.446 Y76.4
G1 X-36.03 Y76.766
G1 X-35.611 Y77.125
G1 X-35.188 Y77.477
G1 X-34.764 Y77.823
G1 X-34.337 Y78.162
G1 X-33.91 Y78.495
G1 X-33.484 Y78.821
G1 X-33.059 Y79.142
G1 X-32.777 Y79.346
G1 X-32.493 Y79.542
G1 X-32.207 Y79.729
G1 X-31.92 Y79.908
G1 X-31.63 Y80.081
G1 X-31.339 Y80.249
G1 X-31.044 Y80.412
G1 X-30.748 Y80.571
G1 X-30.45 Y80.728
G1 X-30.149 Y80.882
G1 X-29.846 Y81.037
G1 X-29.54 Y81.191
G1 X-29.188 Y81.362
G1 X-28.83 Y81.524
G1 X-28.467 Y81.678
G1 X-28.098 Y81.825
G1 X-27.725 Y81.964
G1 X-27.347 Y82.096
G1 X-26.967 Y82.222
G1 X-26.583 Y82.343
G1 X-26.197 Y82.458
G1 X-25.809 Y82.569
G1 X-25.419 Y82.676
G1 X-25.028 Y82.779
G1 X-24.637 Y82.88
G1 X-24.247 Y82.978
G1 X-23.856 Y83.074
G1 X-23.466 Y83.168
G1 X-23.077 Y83.262
G1 X-22.692 Y83.355
G1 X-22.551 Y83.389
G1 X-22.417 Y83.419
G1 X-22.292 Y83.446
G1 X-22.171 Y83.47
G1 X-22.055 Y83.492
G1 X-21.94 Y83.513
G1 X-21.827 Y83.532
G1 X-21.714 Y83.55
G1 X-21.597 Y83.567
G1 X-21.478 Y83.584
G1 X-21.352 Y83.601
G1 X-21.22 Y83.619
G1 X-21.079 Y83.638
G1 X-20.929 Y83.658
G1 X-20.774 Y83.678
G1 X-20.628 Y83.694
G1 X-20.49 Y83.707
G1 X-20.36 Y83.718
G1 X-20.236 Y83.726
G1 X-20.117 Y83.733
G1 X-20.001 Y83.739
G1 X-19.888 Y83.744
G1 X-19.775 Y83.749
G1 X-19.662 Y83.753
G1 X-19.548 Y83.759
G1 X-19.432 Y83.766
G1 X-19.311 Y83.774
G1 X-19.185 Y83.784
G1 X-19.054 Y83.796
G1 X-18.915 Y83.812
G1 X-18.621 Y83.841
G1 X-18.323 Y83.86
G1 X-18.019 Y83.868
G1 X-17.712 Y83.867
G1 X-17.403 Y83.857
G1 X-17.089 Y83.839
G1 X-16.774 Y83.813
G1 X-16.456 Y83.78
G1 X-16.136 Y83.741
G1 X-15.815 Y83.695
G1 X-15.494 Y83.644
G1 X-15.172 Y83.588
G1 X-14.85 Y83.528
G1 X-14.529 Y83.464
G1 X-14.208 Y83.397
G1 X-13.89 Y83.328
G1 X-13.574 Y83.256
G1 X-13.26 Y83.183
G1 X-12.948 Y83.11
G1 X-12.64 Y83.036
G1 X-12.335 Y82.963
G1 X-12.035 Y82.89
G1 X-11.74 Y82.819
G1 X-11.425 Y82.744
G1 X-11.096 Y82.665
G1 X-10.76 Y82.58
G1 X-10.417 Y82.492
G1 X-10.071 Y82.401
G1 X-9.723 Y82.308
G1 X-9.372 Y82.215
G1 X-9.022 Y82.124
G1 X-8.672 Y82.035
G1 X-8.326 Y81.949
G1 X-7.983 Y81.868
G1 X-7.644 Y81.793
G1 X-7.153 Y81.693
G1 X-6.661 Y81.602
G1 X-6.167 Y81.52
G1 X-5.672 Y81.447
G1 X-5.175 Y81.383
G1 X-4.678 Y81.33
G1 X-4.18 Y81.285
G1 X-3.681 Y81.251
G1 X-3.181 Y81.226
G1 X-2.746 Y81.214
G1 X-2.309 Y81.211
G1 X-1.873 Y81.217
G1 X-1.435 Y81.232
G1 X-0.998 Y81.256
G1 X-0.562 Y81.29
G1 X-0.127 Y81.334
G1 X0.307 Y81.387
G1 X0.737 Y81.45
G1 X1.166 Y81.523
G1 X1.591 Y81.606
G1 X2.012 Y81.699
G1 X2.43 Y81.803
G1 X2.843 Y81.917
G1 X3.251 Y82.041
G1 X3.655 Y82.176
G1 X3.845 Y82.245
G1 X4.036 Y82.317
G1 X4.224 Y82.392
G1 X4.409 Y82.47
G1 X4.591 Y82.55
G1 X4.769 Y82.632
G1 X4.942 Y82.717
G1 X5.111 Y82.803
G1 X5.273 Y82.891
G1 X5.429 Y82.98
G1 X5.579 Y83.071
G1 X5.721 Y83.163
G1 X5.855 Y83.255
G1 X5.98 Y83.349
G1 X6.096 Y83.443
G1 X6.201 Y83.537
G1 X6.297 Y83.632
G1 X6.382 Y83.727
M5
G0 X36.054 Y81.341
M3
G1 X36.201 Y81.295
G1 X36.356 Y81.239
G1 X36.516 Y81.174
G1 X36.682 Y81.1
G1 X36.854 Y81.019
G1 X37.03 Y80.929
G1 X37.21 Y80.832
G1 X37.394 Y80.728
G1 X37.581 Y80.617
G1 X37.771 Y80.5
G1 X37.962 Y80.378
G1 X38.155 Y80.25
G1 X38.349 Y80.118
G1 X38.543 Y79.982
G1 X38.737 Y79.841
G1 X38.93 Y79.697
G1 X39.122 Y79.55
G1 X39.311 Y79.401
G1 X39.499 Y79.249
G1 X39.683 Y79.096
G1 X39.864 Y78.942
G1 X40.041 Y78.787
G1 X40.214 Y78.631
G1 X40.38 Y78.476
G1 X40.542 Y78.321
G1 X40.696 Y78.167
G1 X40.969 Y77.882
G1 X41.173 Y77.653
G1 X41.369 Y77.417
G1 X41.559 Y77.173
G1 X41.743 Y76.924
G1 X41.92 Y76.671
G1 X42.094 Y76.413
G1 X42.262 Y76.152
G1 X42.425 Y75.889
G1 X42.584 Y75.624
G1 X42.74 Y75.359
G1 X42.892 Y75.095
G1 X43.042 Y74.832
G1 X43.19 Y74.572
G1 X43.335 Y74.315
G1 X43.48 Y74.062
G1 X43.623 Y73.814
G1 X43.765 Y73.572
G1 X43.908 Y73.337
G1 X44.051 Y73.11
M5
G0 X-13.881 Y44.005
M3
G1 X-14.058 Y44.027
G1 X-14.224 Y44.049
G1 X-14.382 Y44.069
G1 X-14.532 Y44.09
G1 X-14.675 Y44.11
G1 X-14.813 Y44.13
G1 X-14.946 Y44.15
G1 X-15.074 Y44.171
G1 X-15.199 Y44.192
G1 X-15.323 Y44.215
G1 X-15.445 Y44.239
G1 X-15.568 Y44.264
G1 X-15.69 Y44.291
G1 X-15.815 Y44.321
G1 X-15.941 Y44.352
G1 X-16.072 Y44.387
G1 X-16.207 Y44.424
G1 X-16.347 Y44.464
G1 X-16.494 Y44.507
G1 X-16.648 Y44.555
G1 X-16.811 Y44.606
G1 X-16.982 Y44.661
G1 X-17.165 Y44.721
G1 X-17.566 Y44.858
G1 X-17.966 Y45.006
G1 X-18.365 Y45.164
G1 X-18.763 Y45.331
G1 X-19.158 Y45.508
G1 X-19.552 Y45.694
G1 X-19.942 Y45.89
G1 X-20.328 Y46.094
G1 X-20.71 Y46.306
G1 X-21.088 Y46.527
G1 X-21.459 Y46.756
G1 X-21.824 Y46.993
G1 X-22.184 Y47.237
G1 X-22.536 Y47.489
G1 X-22.93 Y47.784
G1 X-23.319 Y48.089
G1 X-23.704 Y48.403
G1 X-24.083 Y48.726
G1 X-24.457 Y49.057
G1 X-24.825 Y49.397
G1 X-25.187 Y49.745
G1 X-25.543 Y50.1
G1 X-25.893 Y50.463
G1 X-26.235 Y50.833
G1 X-26.57 Y51.209
G1 X-26.898 Y51.592
G1 X-27.219 Y51.981
G1 X-27.53 Y52.376
G1 X-27.834 Y52.777
G1 X-28.129 Y53.182
G1 X-28.415 Y53.593
G1 X-28.692 Y54.008
G1 X-28.96 Y54.428
G1 X-29.217 Y54.852
G1 X-29.464 Y55.279
G1 X-29.702 Y55.71
G1 X-29.928 Y56.144
G1 X-30.144 Y56.581
G1 X-30.396 Y57.126
G1 X-30.568 Y57.524
G1 X-30.731 Y57.927
G1 X-30.887 Y58.334
G1 X-31.034 Y58.745
G1 X-31.172 Y59.16
G1 X-31.302 Y59.578
G1 X-31.423 Y60.0
G1 X-31.535 Y60.426
G1 X-31.638 Y60.854
G1 X-31.731 Y61.286
G1 X-31.815 Y61.72
G1 X-31.889 Y62.157
G1 X-31.952 Y62.596
G1 X-32.007 Y63.037
G1 X-32.05 Y63.48
G1 X-32.084 Y63.925
G1 X-32.091 Y64.058
G1 X-32.096 Y64.182
G1 X-32.098 Y64.299
G1 X-32.099 Y64.408
G1 X-32.098 Y64.513
G1 X-32.096 Y64.615
G1 X-32.092 Y64.715
G1 X-32.087 Y64.814
G1 X-32.082 Y64.915
G1 X-32.076 Y65.018
G1 X-32.07 Y65.125
G1 X-32.063 Y65.237
G1 X-32.058 Y65.357
G1 X-32.034 Y65.748
G1 X-32.001 Y66.142
G1 X-31.957 Y66.538
G1 X-31.904 Y66.936
G1 X-31.841 Y67.335
G1 X-31.77 Y67.734
G1 X-31.689 Y68.132
G1 X-31.6 Y68.53
G1 X-31.501 Y68.925
G1 X-31.395 Y69.317
G1 X-31.282 Y69.707
G1 X-31.159 Y70.092
G1 X-31.03 Y70.472
G1 X-30.893 Y70.847
G1 X-30.749 Y71.215
G1 X-30.598 Y71.576
G1 X-30.441 Y71.93
G1 X-30.277 Y72.275
G1 X-30.12 Y72.584
G1 X-29.954 Y72.886
G1 X-29.78 Y73.182
G1 X-29.596 Y73.471
G1 X-29.404 Y73.753
G1 X-29.203 Y74.029
G1 X-28.993 Y74.298
G1 X-28.776 Y74.559
G1 X-28.55 Y74.813
G1 X-28.317 Y75.059
G1 X-28.076 Y75.297
G1 X-27.826 Y75.527
G1 X-27.569 Y75.748
G1 X-27.305 Y75.962
G1 X-27.034 Y76.166
G1 X-26.754 Y76.362
G1 X-26.468 Y76.548
G1 X-26.175 Y76.725
G1 X-25.875 Y76.893
G1 X-25.568 Y77.051
G1 X-25.254 Y77.199
G1 X-25.093 Y77.27
G1 X-24.928 Y77.339
G1 X-24.759 Y77.405
G1 X-24.587 Y77.47
G1 X-24.412 Y77.532
G1 X-24.236 Y77.592
G1 X-24.059 Y77.649
G1 X-23.881 Y77.704
G1 X-23.705 Y77.756
G1 X-23.529 Y77.805
G1 X-23.354 Y77.851
G1 X-23.183 Y77.893
G1 X-23.014 Y77.933
G1 X-22.849 Y77.969
G1 X-22.689 Y78.002
G1 X-22.535 Y78.03
G1 X-22.386 Y78.056
G1 X-22.244 Y78.077
G1 X-22.109 Y78.094
G1 X-21.982 Y78.107
G1 X-21.865 Y78.116
G1 X-21.757 Y78.12
M5
G0 X10.005 Y77.762
M3
G1 X10.008 Y77.675
G1 X10.011 Y77.59
G1 X10.013 Y77.507
G1 X10.014 Y77.426
G1 X10.014 Y77.345
G1 X10.013 Y77.263
G1 X10.012 Y77.179
G1 X10.008 Y77.093
G1 X10.004 Y77.003
G1 X9.999 Y76.908
G1 X9.994 Y76.808
G1 X9.987 Y76.701
G1 X9.979 Y76.587
G1 X9.969 Y76.464
G1 X9.959 Y76.331
G1 X9.947 Y76.205
G1 X9.933 Y76.071
G1 X9.917 Y75.93
G1 X9.9 Y75.783
G1 X9.882 Y75.631
G1 X9.866 Y75.475
G1 X9.852 Y75.315
G1 X9.84 Y75.153
G1 X9.831 Y74.99
G1 X9.828 Y74.826
G1 X9.829 Y74.663
G1 X9.837 Y74.5
G1 X9.853 Y74.341
G1 X9.877 Y74.184
G1 X9.94 Y73.863
G1 X10.014 Y73.546
G1 X10.097 Y73.233
G1 X10.19 Y72.924
G1 X10.293 Y72.62
G1 X10.406 Y72.319
G1 X10.528 Y72.024
G1 X10.659 Y71.732
G1 X10.801 Y71.444
G1 X10.952 Y71.161
G1 X11.112 Y70.883
G1 X11.282 Y70.608
G1 X11.46 Y70.338
G1 X11.648 Y70.073
G1 X11.845 Y69.812
G1 X12.051 Y69.555
G1 X12.266 Y69.303
G1 X12.49 Y69.056
G1 X12.723 Y68.813
G1 X12.965 Y68.574
G1 X13.215 Y68.341
G1 X13.434 Y68.149
G1 X13.656 Y67.966
G1 X13.881 Y67.793
G1 X14.11 Y67.628
G1 X14.342 Y67.471
G1 X14.577 Y67.322
G1 X14.816 Y67.18
G1 X15.055 Y67.045
G1 X15.299 Y66.916
G1 X15.543 Y66.793
G1 X15.791 Y66.676
G1 X16.04 Y66.564
G1 X16.291 Y66.457
G1 X16.544 Y66.354
G1 X16.797 Y66.255
G1 X17.053 Y66.159
G1 X17.308 Y66.067
G1 X17.565 Y65.977
G1 X17.822 Y65.889
G1 X18.081 Y65.802
G1 X18.339 Y65.717
G1 X18.597 Y65.633
G1 X18.855 Y65.55
G1 X19.113 Y65.466
G1 X19.371 Y65.382
G1 X19.628 Y65.298
G1 X19.885 Y65.212
G1 X20.139 Y65.124
G1 X20.394 Y65.034
G1 X20.646 Y64.942
G1 X20.898 Y64.847
G1 X21.147 Y64.748
G1 X21.395 Y64.646
G1 X21.641 Y64.539
G1 X21.884 Y64.428
G1 X22.125 Y64.312
G1 X22.364 Y64.19
G1 X22.599 Y64.062
G1 X22.832 Y63.928
G1 X23.062 Y63.787
G1 X23.288 Y63.639
G1 X23.511 Y63.483
G1 X23.73 Y63.319
G1 X23.946 Y63.147
G1 X24.157 Y62.966
G1 X24.365 Y62.775
G1 X24.757 Y62.374
G1 X24.931 Y62.178
G1 X25.098 Y61.977
G1 X25.259 Y61.772
G1 X25.413 Y61.564
G1 X25.561 Y61.352
G1 X25.704 Y61.137
G1 X25.842 Y60.919
G1 X25.977 Y60.699
G1 X26.105 Y60.476
G1 X26.231 Y60.251
G1 X26.353 Y60.024
G1 X26.472 Y59.795
G1 X26.588 Y59.564
G1 X26.701 Y59.333
G1 X26.812 Y59.1
G1 X26.922 Y58.866
G1 X27.031 Y58.632
G1 X27.139 Y58.398
G1 X27.245 Y58.163
G1 X27.353 Y57.929
G1 X27.459 Y57.694
G1 X27.567 Y57.461
G1 X27.676 Y57.228
G1 X27.785 Y56.996
G1 X27.898 Y56.766
G1 X28.011 Y56.537
G1 X28.127 Y56.31
G1 X28.245 Y56.085
G1 X28.368 Y55.862
G1 X28.493 Y55.641
G1 X28.622 Y55.424
G1 X28.756 Y55.209
G1 X28.894 Y54.997
G1 X29.038 Y54.789
G1 X29.187 Y54.584
G1 X29.341 Y54.383
G1 X29.502 Y54.186
G1 X29.669 Y53.994
G1 X29.844 Y53.806
G1 X30.025 Y53.623
G1 X30.213 Y53.445
G1 X30.41 Y53.272
G1 X30.616 Y53.105
G1 X30.83 Y52.943
G1 X31.162 Y52.716
G1 X31.428 Y52.548
G1 X31.692 Y52.386
G1 X31.956 Y52.231
G1 X32.221 Y52.082
G1 X32.488 Y51.939
G1 X32.754 Y51.803
G1 X33.021 Y51.674
G1 X33.29 Y51.553
G1 X33.56 Y51.438
G1 X33.831 Y51.331
G1 X34.105 Y51.231
G1 X34.38 Y51.139
G1 X34.658 Y51.055
G1 X34.939 Y50.979
G1 X35.222 Y50.911
G1 X35.509 Y50.852
G1 X35.798 Y50.802
G1 X36.092 Y50.76
G1 X36.389 Y50.727
G1 X36.69 Y50.704
G1 X36.995 Y50.689
G1 X37.305 Y50.685
G1 X37.44 Y50.684
G1 X37.566 Y50.683
G1 X37.684 Y50.681
G1 X37.798 Y50.681
G1 X37.908 Y50.681
G1 X38.019 Y50.683
G1 X38.129 Y50.687
G1 X38.245 Y50.694
G1 X38.366 Y50.704
G1 X38.495 Y50.719
G1 X38.695 Y50.745
G1 X38.903 Y50.777
G1 X39.113 Y50.813
G1 X39.327 Y50.855
G1 X39.54 Y50.902
G1 X39.752 Y50.955
G1 X39.962 Y51.014
G1 X40.167 Y51.079
G1 X40.365 Y51.152
G1 X40.563 Y51.231
G1 X40.761 Y51.313
G1 X40.956 Y51.399
G1 X41.15 Y51.49
G1 X41.341 Y51.585
G1 X41.529 Y51.686
G1 X41.712 Y51.791
G1 X41.891 Y51.903
G1 X42.065 Y52.021
G1 X42.232 Y52.145
G1 X42.393 Y52.277
G1 X42.547 Y52.416
G1 X42.692 Y52.562
G1 X42.83 Y52.717
G1 X43.012 Y52.943
G1 X43.184 Y53.175
G1 X43.347 Y53.412
G1 X43.5 Y53.654
G1 X43.642 Y53.901
G1 X43.775 Y54.153
G1 X43.899 Y54.41
G1 X44.012 Y54.671
G1 X44.115 Y54.937
G1 X44.207 Y55.206
G1 X44.29 Y55.48
G1 X44.362 Y55.757
G1 X44.423 Y56.037
G1 X44.475 Y56.321
G1 X44.516 Y56.607
G1 X44.546 Y56.897
G1 X44.565 Y57.189
G1 X44.574 Y57.484
G1 X44.578 Y57.749
G1 X44.584 Y58.008
G1 X44.591 Y58.26
G1 X44.598 Y58.507
G1 X44.605 Y58.75
G1 X44.609 Y58.988
G1 X44.613 Y59.223
G1 X44.611 Y59.455
G1 X44.606 Y59.685
G1 X44.596 Y59.914
G1 X44.58 Y60.143
G1 X44.557 Y60.371
G1 X44.527 Y60.6
G1 X44.488 Y60.83
G1 X44.439 Y61.062
G1 X44.375 Y61.337
G1 X44.308 Y61.619
G1 X44.239 Y61.91
G1 X44.168 Y62.207
G1 X44.094 Y62.51
G1 X44.019 Y62.819
G1 X43.943 Y63.133
G1 X43.865 Y63.451
G1 X43.787 Y63.772
G1 X43.708 Y64.097
G1 X43.63 Y64.423
G1 X43.551 Y64.752
G1 X43.472 Y65.081
G1 X43.395 Y65.41
G1 X43.32 Y65.739
G1 X43.245 Y66.067
G1 X43.171 Y66.393
G1 X43.1 Y66.717
G1 X43.032 Y67.038
G1 X42.966 Y67.355
G1 X42.903 Y67.667
G1 X42.843 Y67.975
G1 X42.787 Y68.277
G1 X42.735 Y68.572
G1 X42.687 Y68.86
G1 X42.642 Y69.141
G1 X42.603 Y69.413
G1 X42.569 Y69.677
G1 X42.522 Y70.128
M5
G0 X44.302 Y77.047
M3
G1 X44.677 Y75.496
M5
G0 X52.764 Y71.679
M3
G1 X52.826 Y71.501
G1 X52.893 Y71.333
G1 X52.964 Y71.175
G1 X53.04 Y71.027
G1 X53.12 Y70.889
G1 X53.204 Y70.76
G1 X53.292 Y70.64
G1 X53.384 Y70.529
G1 X53.478 Y70.427
G1 X53.578 Y70.333
G1 X53.679 Y70.247
G1 X53.785 Y70.169
G1 X53.892 Y70.099
G1 X54.004 Y70.036
G1 X54.116 Y69.981
G1 X54.233 Y69.932
G1 X54.35 Y69.891
G1 X54.47 Y69.856
G1 X54.593 Y69.827
G1 X54.717 Y69.804
G1 X54.842 Y69.788
G1 X54.969 Y69.776
G1 X55.097 Y69.771
G1 X55.227 Y69.77
G1 X55.358 Y69.774
G1 X55.488 Y69.784
G1 X55.62 Y69.797
G1 X55.752 Y69.815
G1 X55.885 Y69.837
G1 X56.017 Y69.862
G1 X56.15 Y69.891
G1 X56.282 Y69.924
G1 X56.414 Y69.959
G1 X56.546 Y69.998
G1 X56.676 Y70.039
G1 X56.807 Y70.082
G1 X56.936 Y70.128
G1 X57.063 Y70.175
G1 X57.19 Y70.224
G1 X57.315 Y70.275
G1 X57.438 Y70.327
G1 X57.56 Y70.38
G1 X57.679 Y70.433
G1 X57.796 Y70.488
G1 X57.911 Y70.542
G1 X58.024 Y70.597
G1 X58.218 Y70.694
G1 X58.336 Y70.752
G1 X58.456 Y70.808
G1 X58.579 Y70.863
G1 X58.704 Y70.915
G1 X58.83 Y70.964
G1 X58.958 Y71.01
G1 X59.089 Y71.053
G1 X59.219 Y71.092
G1 X59.351 Y71.127
G1 X59.485 Y71.157
G1 X59.618 Y71.183
G1 X59.752 Y71.203
G1 X59.886 Y71.219
G1 X60.02 Y71.228
G1 X60.155 Y71.232
G1 X60.288 Y71.229
G1 X60.422 Y71.219
G1 X60.555 Y71.202
G1 X60.686 Y71.179
G1 X60.816 Y71.147
G1 X60.945 Y71.107
G1 X61.072 Y71.059
G1 X61.198 Y71.003
G1 X61.322 Y70.937
G1 X61.443 Y70.862
G1 X61.562 Y70.778
G1 X61.679 Y70.683
G1 X61.792 Y70.579
G1 X61.988 Y70.365
G1 X62.033 Y70.308
G1 X62.079 Y70.244
G1 X62.126 Y70.175
G1 X62.174 Y70.101
G1 X62.222 Y70.021
G1 X62.271 Y69.936
G1 X62.32 Y69.847
G1 X62.368 Y69.753
G1 X62.417 Y69.656
G1 X62.466 Y69.555
G1 X62.513 Y69.451
G1 X62.559 Y69.344
G1 X62.605 Y69.235
G1 X62.648 Y69.124
G1 X62.69 Y69.011
G1 X62.731 Y68.896
G1 X62.771 Y68.78
G1 X62.807 Y68.664
G1 X62.841 Y68.547
G1 X62.872 Y68.43
G1 X62.901 Y68.313
G1 X62.928 Y68.197
G1 X62.95 Y68.082
G1 X62.969 Y67.969
G1 X62.984 Y67.856
G1 X62.996 Y67.746
G1 X63.004 Y67.639
G1 X63.008 Y67.533
G1 X63.007 Y67.431
G1 X63.001 Y67.332
G1 X62.991 Y67.237
G1 X62.974 Y67.146
G1 X62.954 Y67.06
G1 X62.927 Y66.978
G1 X62.895 Y66.901
G1 X62.857 Y66.83
G1 X62.813 Y66.764
G1 X62.762 Y66.704
G1 X62.705 Y66.651
G1 X62.641 Y66.605
G1 X62.57 Y66.566
G1 X62.492 Y66.534
G1 X62.407 Y66.51
G1 X62.315 Y66.494
G1 X62.213 Y66.487
G1 X62.045 Y66.493
G1 X61.94 Y66.504
G1 X61.845 Y66.516
G1 X61.758 Y66.53
G1 X61.681 Y66.544
G1 X61.61 Y66.56
G1 X61.545 Y66.576
G1 X61.485 Y66.592
G1 X61.428 Y66.61
G1 X61.374 Y66.627
G1 X61.32 Y66.644
G1 X61.268 Y66.662
G1 X61.213 Y66.679
G1 X61.157 Y66.696
G1 X61.097 Y66.712
G1 X61.033 Y66.727
G1 X60.963 Y66.742
G1 X60.887 Y66.755
G1 X60.802 Y66.768
G1 X60.708 Y66.779
G1 X60.58 Y66.795
G1 X60.448 Y66.819
G1 X60.313 Y66.849
G1 X60.177 Y66.886
G1 X60.04 Y66.928
G1 X59.9 Y66.976
G1 X59.762 Y67.029
G1 X59.625 Y67.087
G1 X59.488 Y67.149
G1 X59.355 Y67.216
G1 X59.224 Y67.286
G1 X59.098 Y67.36
G1 X58.975 Y67.438
G1 X58.858 Y67.518
G1 X58.747 Y67.6
G1 X58.642 Y67.685
G1 X58.545 Y67.771
G1 X58.456 Y67.859
G1 X58.375 Y67.949
G1 X58.305 Y68.039
G1 X58.245 Y68.129
G1 X58.196 Y68.219
M5
G0 X68.483 Y63.806
M3
G1 X70.295 Y64.906
G1 X72.274 Y65.472
G1 X73.455 Y65.595
M5
G0 X7.52 Y39.352
M3
G1 X7.494 Y39.625
G1 X7.465 Y39.887
G1 X7.434 Y40.142
G1 X7.399 Y40.39
G1 X7.362 Y40.633
G1 X7.321 Y40.872
G1 X7.278 Y41.108
G1 X7.231 Y41.343
G1 X7.181 Y41.579
G1 X7.128 Y41.817
G1 X7.073 Y42.057
G1 X7.015 Y42.302
G1 X6.953 Y42.553
G1 X6.889 Y42.812
G1 X6.827 Y43.074
G1 X6.771 Y43.33
G1 X6.723 Y43.581
G1 X6.681 Y43.83
G1 X6.645 Y44.076
G1 X6.613 Y44.321
G1 X6.585 Y44.566
G1 X6.559 Y44.812
G1 X6.537 Y45.062
G1 X6.515 Y45.315
G1 X6.494 Y45.573
G1 X6.473 Y45.838
G1 X6.451 Y46.109
G1 X6.427 Y46.39
G1 X6.415 Y46.532
G1 X6.404 Y46.663
G1 X6.392 Y46.787
G1 X6.381 Y46.904
G1 X6.371 Y47.016
G1 X6.361 Y47.124
G1 X6.351 Y47.232
G1 X6.341 Y47.34
G1 X6.332 Y47.449
G1 X6.322 Y47.562
G1 X6.312 Y47.681
G1 X6.302 Y47.807
G1 X6.292 Y47.941
G1 X6.276 Y48.229
G1 X6.268 Y48.517
G1 X6.27 Y48.805
G1 X6.279 Y49.093
G1 X6.295 Y49.381
G1 X6.316 Y49.668
G1 X6.34 Y49.955
G1 X6.367 Y50.242
G1 X6.396 Y50.528
G1 X6.426 Y50.814
G1 X6.455 Y51.099
G1 X6.483 Y51.384
G1 X6.509 Y51.668
G1 X6.53 Y51.952
G1 X6.546 Y52.235
G1 X6.557 Y52.436
G1 X6.572 Y52.629
G1 X6.589 Y52.815
G1 X6.61 Y52.996
G1 X6.634 Y53.173
G1 X6.662 Y53.349
G1 X6.693 Y53.525
G1 X6.728 Y53.702
G1 X6.765 Y53.884
G1 X6.806 Y54.07
G1 X6.852 Y54.263
G1 X6.972 Y54.757
G1 X7.099 Y55.248
G1 X7.233 Y55.736
G1 X7.373 Y56.221
G1 X7.521 Y56.702
G1 X7.678 Y57.178
G1 X7.842 Y57.65
G1 X8.016 Y58.117
G1 X8.199 Y58.578
G1 X8.392 Y59.034
G1 X8.492 Y59.258
G1 X8.592 Y59.478
G1 X8.695 Y59.693
G1 X8.798 Y59.903
G1 X8.905 Y60.109
G1 X9.015 Y60.31
G1 X9.127 Y60.506
G1 X9.244 Y60.696
G1 X9.364 Y60.881
G1 X9.489 Y61.061
G1 X9.618 Y61.236
G1 X9.752 Y61.405
G1 X9.891 Y61.568
G1 X10.037 Y61.725
G1 X10.189 Y61.876
G1 X10.346 Y62.021
G1 X10.512 Y62.159
G1 X10.683 Y62.291
G1 X10.863 Y62.417
G1 X11.052 Y62.536
G1 X11.248 Y62.648
G1 X11.453 Y62.753
G1 X11.667 Y62.852
M5
G0 X74.884 Y61.539
M3
G1 X75.028 Y61.373
G1 X75.166 Y61.198
G1 X75.297 Y61.015
G1 X75.423 Y60.825
G1 X75.541 Y60.627
G1 X75.655 Y60.424
G1 X75.762 Y60.214
G1 X75.863 Y59.999
G1 X75.959 Y59.78
G1 X76.049 Y59.556
G1 X76.133 Y59.329
G1 X76.213 Y59.098
G1 X76.286 Y58.865
G1 X76.355 Y58.63
G1 X76.418 Y58.394
G1 X76.477 Y58.156
G1 X76.531 Y57.919
G1 X76.579 Y57.681
G1 X76.623 Y57.444
G1 X76.662 Y57.209
G1 X76.697 Y56.975
G1 X76.728 Y56.744
G1 X76.753 Y56.516
G1 X76.774 Y56.291
G1 X76.685 Y56.279
G1 X76.602 Y56.268
G1 X76.523 Y56.256
G1 X76.448 Y56.245
G1 X76.375 Y56.234
G1 X76.302 Y56.224
G1 X76.229 Y56.215
G1 X76.154 Y56.206
G1 X76.076 Y56.198
G1 X75.994 Y56.191
G1 X75.905 Y56.185
G1 X75.811 Y56.18
G1 X75.708 Y56.176
G1 X75.595 Y56.173
G1 X75.473 Y56.172
G1 X75.315 Y56.171
G1 X75.163 Y56.17
G1 X75.016 Y56.168
G1 X74.874 Y56.164
G1 X74.737 Y56.157
G1 X74.602 Y56.146
G1 X74.468 Y56.13
G1 X74.336 Y56.109
G1 X74.205 Y56.08
G1 X74.072 Y56.044
G1 X73.938 Y56.0
G1 X73.803 Y55.95
G1 X73.665 Y55.894
G1 X73.522 Y55.834
G1 X73.376 Y55.771
G1 X73.228 Y55.704
G1 X73.079 Y55.634
G1 X72.93 Y55.562
G1 X72.781 Y55.489
G1 X72.636 Y55.415
G1 X72.492 Y55.34
G1 X72.353 Y55.266
G1 X72.218 Y55.193
G1 X72.09 Y55.121
G1 X71.967 Y55.051
G1 X71.853 Y54.984
G1 X71.747 Y54.92
G1 X71.651 Y54.859
M5
G0 X59.715 Y59.034
M3
G1 X59.657 Y58.875
G1 X59.601 Y58.707
G1 X59.548 Y58.53
G1 X59.499 Y58.347
G1 X59.454 Y58.157
G1 X59.412 Y57.961
G1 X59.376 Y57.761
G1 X59.344 Y57.557
G1 X59.319 Y57.35
G1 X59.299 Y57.141
G1 X59.285 Y56.931
G1 X59.279 Y56.72
G1 X59.28 Y56.51
G1 X59.288 Y56.302
G1 X59.304 Y56.096
G1 X59.329 Y55.893
G1 X59.362 Y55.694
G1 X59.384 Y55.577
G1 X59.402 Y55.468
G1 X59.418 Y55.363
G1 X59.431 Y55.263
G1 X59.444 Y55.164
G1 X59.454 Y55.065
G1 X59.466 Y54.963
G1 X59.478 Y54.858
G1 X59.49 Y54.748
G1 X59.504 Y54.629
G1 X59.52 Y54.502
G1 X59.549 Y54.308
G1 X59.58 Y54.122
G1 X59.617 Y53.942
G1 X59.657 Y53.77
G1 X59.701 Y53.605
G1 X59.751 Y53.448
G1 X59.806 Y53.298
G1 X59.866 Y53.155
G1 X59.93 Y53.02
G1 X60.0 Y52.893
G1 X60.077 Y52.774
G1 X60.159 Y52.662
G1 X60.248 Y52.558
G1 X60.342 Y52.463
G1 X60.444 Y52.375
G1 X60.552 Y52.295
G1 X60.667 Y52.224
G1 X60.789 Y52.161
G1 X60.918 Y52.106
G1 X60.978 Y52.09
G1 X61.039 Y52.083
G1 X61.102 Y52.086
G1 X61.166 Y52.098
G1 X61.231 Y52.117
G1 X61.298 Y52.142
G1 X61.365 Y52.173
G1 X61.433 Y52.21
G1 X61.501 Y52.25
G1 X61.568 Y52.293
G1 X61.635 Y52.338
G1 X61.702 Y52.385
G1 X61.768 Y52.433
G1 X61.832 Y52.479
G1 X61.895 Y52.525
G1 X61.956 Y52.568
G1 X62.015 Y52.608
G1 X62.072 Y52.645
G1 X62.126 Y52.676
G1 X62.178 Y52.702
G1 X62.228 Y52.72
G1 X62.288 Y52.734
G1 X62.359 Y52.744
G1 X62.44 Y52.751
G1 X62.53 Y52.755
G1 X62.627 Y52.756
G1 X62.732 Y52.753
G1 X62.843 Y52.747
G1 X62.96 Y52.738
G1 X63.083 Y52.727
G1 X63.209 Y52.713
G1 X63.341 Y52.696
G1 X63.473 Y52.677
G1 X63.609 Y52.655
G1 X63.746 Y52.632
G1 X63.885 Y52.606
G1 X64.023 Y52.578
G1 X64.16 Y52.548
G1 X64.295 Y52.516
G1 X64.429 Y52.483
G1 X64.56 Y52.448
G1 X64.688 Y52.412
G1 X64.811 Y52.374
G1 X64.929 Y52.335
G1 X65.041 Y52.295
G1 X65.146 Y52.253
G1 X65.245 Y52.211
G1 X65.336 Y52.169
G1 X65.451 Y52.105
G1 X65.663 Y51.97
G1 X65.87 Y51.828
G1 X66.069 Y51.679
G1 X66.262 Y51.523
G1 X66.45 Y51.361
G1 X66.633 Y51.194
G1 X66.811 Y51.022
G1 X66.984 Y50.845
G1 X67.152 Y50.664
G1 X67.318 Y50.48
G1 X67.478 Y50.293
G1 X67.636 Y50.103
G1 X67.79 Y49.911
G1 X67.942 Y49.718
G1 X68.091 Y49.524
G1 X68.238 Y49.329
G1 X68.384 Y49.135
G1 X68.527 Y48.94
G1 X68.67 Y48.747
G1 X68.813 Y48.556
G1 X68.954 Y48.366
G1 X69.095 Y48.179
G1 X69.229 Y48.005
G1 X69.359 Y47.839
G1 X69.488 Y47.679
G1 X69.615 Y47.524
G1 X69.745 Y47.373
G1 X69.877 Y47.225
G1 X70.014 Y47.078
G1 X70.157 Y46.931
G1 X70.308 Y46.783
G1 X70.467 Y46.633
G1 X70.733 Y46.394
G1 X71.011 Y46.156
G1 X71.298 Y45.92
G1 X71.595 Y45.685
G1 X71.901 Y45.453
G1 X72.216 Y45.223
G1 X72.538 Y44.995
G1 X72.867 Y44.771
G1 X73.202 Y44.551
G1 X73.544 Y44.334
G1 X73.891 Y44.121
G1 X74.241 Y43.913
G1 X74.596 Y43.709
G1 X74.953 Y43.511
G1 X75.313 Y43.318
G1 X75.676 Y43.131
G1 X76.038 Y42.95
G1 X76.402 Y42.776
G1 X76.765 Y42.608
G1 X77.127 Y42.447
G1 X77.489 Y42.294
G1 X77.848 Y42.148
G1 X78.203 Y42.011
G1 X78.556 Y41.882
G1 X78.903 Y41.761
G1 X79.247 Y41.65
G1 X79.586 Y41.549
G1 X80.104 Y41.408
G1 X80.295 Y41.361
G1 X80.497 Y41.312
G1 X80.708 Y41.263
G1 X80.927 Y41.212
G1 X81.155 Y41.16
G1 X81.391 Y41.107
G1 X81.632 Y41.053
G1 X81.88 Y40.999
G1 X82.134 Y40.945
G1 X82.392 Y40.891
G1 X82.652 Y40.836
G1 X82.917 Y40.782
G1 X83.184 Y40.728
G1 X83.452 Y40.675
G1 X83.722 Y40.622
G1 X83.991 Y40.57
G1 X84.26 Y40.519
G1 X84.527 Y40.469
G1 X84.793 Y40.42
G1 X85.056 Y40.373
G1 X85.315 Y40.327
G1 X85.57 Y40.283
G1 X85.819 Y40.241
G1 X86.064 Y40.201
G1 X86.301 Y40.163
G1 X86.532 Y40.127
G1 X86.755 Y40.094
G1 X86.97 Y40.064
G1 X87.174 Y40.037
G1 X87.369 Y40.012
G1 X87.625 Y39.983
G1 X87.785 Y39.965
G1 X87.934 Y39.946
G1 X88.074 Y39.925
G1 X88.206 Y39.904
G1 X88.329 Y39.882
G1 X88.445 Y39.86
G1 X88.556 Y39.837
G1 X88.661 Y39.815
G1 X88.761 Y39.793
G1 X88.857 Y39.772
G1 X88.951 Y39.751
G1 X89.043 Y39.732
G1 X89.133 Y39.714
G1 X89.224 Y39.697
G1 X89.315 Y39.682
G1 X89.406 Y39.669
G1 X89.501 Y39.659
G1 X89.598 Y39.651
G1 X89.699 Y39.646
G1 X89.806 Y39.644
G1 X89.917 Y39.645
G1 X90.034 Y39.649
G1 X90.158 Y39.657
G1 X90.234 Y39.664
G1 X90.318 Y39.674
G1 X90.41 Y39.686
G1 X90.509 Y39.7
G1 X90.614 Y39.716
G1 X90.725 Y39.735
G1 X90.841 Y39.755
G1 X90.962 Y39.776
G1 X91.086 Y39.799
G1 X91.213 Y39.824
G1 X91.342 Y39.849
G1 X91.472 Y39.875
G1 X91.604 Y39.902
G1 X91.737 Y39.93
G1 X91.868 Y39.958
G1 X91.999 Y39.986
G1 X92.127 Y40.014
G1 X92.253 Y40.042
G1 X92.375 Y40.07
G1 X92.495 Y40.097
G1 X92.609 Y40.124
G1 X92.717 Y40.149
G1 X92.821 Y40.174
G1 X92.917 Y40.198
G1 X93.006 Y40.22
G1 X93.087 Y40.241
G1 X93.16 Y40.26
G1 X93.222 Y40.277
G1 X93.276 Y40.292
G1 X93.323 Y40.307
M5
G0 X-41.837 Y56.768
M3
G1 X-41.969 Y56.65
G1 X-42.097 Y56.522
G1 X-42.221 Y56.382
G1 X-42.341 Y56.232
G1 X-42.457 Y56.073
G1 X-42.569 Y55.904
G1 X-42.676 Y55.726
G1 X-42.78 Y55.54
G1 X-42.88 Y55.347
G1 X-42.976 Y55.145
G1 X-43.068 Y54.937
G1 X-43.157 Y54.722
G1 X-43.24 Y54.501
G1 X-43.321 Y54.275
G1 X-43.398 Y54.043
G1 X-43.472 Y53.807
G1 X-43.54 Y53.566
G1 X-43.606 Y53.322
G1 X-43.667 Y53.074
G1 X-43.727 Y52.824
G1 X-43.78 Y52.571
G1 X-43.831 Y52.316
G1 X-43.879 Y52.06
G1 X-43.923 Y51.802
G1 X-43.963 Y51.544
G1 X-44.0 Y51.286
G1 X-44.032 Y51.029
G1 X-44.063 Y50.772
G1 X-44.089 Y50.517
G1 X-44.112 Y50.263
G1 X-44.131 Y50.011
G1 X-44.148 Y49.762
G1 X-44.16 Y49.517
G1 X-44.17 Y49.274
G1 X-44.176 Y49.036
G1 X-44.179 Y48.803
G1 X-44.179 Y48.574
G1 X-44.175 Y48.351
G1 X-44.168 Y48.134
G1 X-44.159 Y47.923
G1 X-44.135 Y47.583
G1 X-44.126 Y47.444
G1 X-44.121 Y47.313
G1 X-44.122 Y47.191
G1 X-44.127 Y47.077
G1 X-44.136 Y46.97
G1 X-44.149 Y46.869
G1 X-44.164 Y46.774
G1 X-44.181 Y46.683
G1 X-44.202 Y46.596
G1 X-44.222 Y46.512
G1 X-44.244 Y46.431
G1 X-44.266 Y46.351
G1 X-44.288 Y46.272
G1 X-44.31 Y46.193
G1 X-44.33 Y46.113
G1 X-44.349 Y46.031
G1 X-44.366 Y45.947
G1 X-44.38 Y45.861
G1 X-44.391 Y45.77
G1 X-44.399 Y45.675
G1 X-44.4 Y45.567
G1 X-44.392 Y45.461
G1 X-44.378 Y45.358
G1 X-44.359 Y45.257
G1 X-44.338 Y45.161
G1 X-44.316 Y45.07
G1 X-44.295 Y44.985
G1 X-44.277 Y44.908
G1 X-44.263 Y44.84
G1 X-44.232 Y44.652
G1 X-44.194 Y44.455
G1 X-44.154 Y44.247
G1 X-44.111 Y44.031
G1 X-44.066 Y43.806
G1 X-44.019 Y43.573
G1 X-43.973 Y43.332
G1 X-43.927 Y43.083
G1 X-43.883 Y42.827
G1 X-43.842 Y42.564
G1 X-43.804 Y42.294
G1 X-43.771 Y42.019
G1 X-43.743 Y41.738
G1 X-43.713 Y41.415
G1 X-43.681 Y41.102
G1 X-43.648 Y40.797
G1 X-43.613 Y40.5
G1 X-43.578 Y40.21
G1 X-43.542 Y39.925
G1 X-43.505 Y39.645
G1 X-43.469 Y39.368
G1 X-43.434 Y39.094
G1 X-43.399 Y38.821
G1 X-43.366 Y38.549
G1 X-43.333 Y38.276
G1 X-43.303 Y38.001
G1 X-43.273 Y37.724
G1 X-43.248 Y37.444
G1 X-43.222 Y37.154
G1 X-43.195 Y36.857
G1 X-43.164 Y36.555
G1 X-43.132 Y36.25
G1 X-43.099 Y35.943
G1 X-43.062 Y35.635
G1 X-43.023 Y35.328
G1 X-42.98 Y35.024
G1 X-42.936 Y34.724
G1 X-42.887 Y34.43
G1 X-42.836 Y34.143
G1 X-42.782 Y33.865
G1 X-42.758 Y33.739
G1 X-42.737 Y33.606
G1 X-42.718 Y33.466
G1 X-42.701 Y33.322
G1 X-42.686 Y33.174
G1 X-42.672 Y33.024
G1 X-42.658 Y32.871
G1 X-42.644 Y32.718
G1 X-42.631 Y32.566
G1 X-42.616 Y32.414
G1 X-42.6 Y32.265
G1 X-42.582 Y32.12
G1 X-42.562 Y31.979
G1 X-42.539 Y31.843
G1 X-42.513 Y31.714
G1 X-42.483 Y31.592
G1 X-42.45 Y31.48
G1 X-42.417 Y31.385
G1 X-42.383 Y31.298
G1 X-42.348 Y31.216
G1 X-42.312 Y31.138
G1 X-42.277 Y31.065
G1 X-42.24 Y30.995
G1 X-42.203 Y30.927
G1 X-42.165 Y30.862
G1 X-42.127 Y30.797
G1 X-42.09 Y30.733
G1 X-42.051 Y30.668
G1 X-42.013 Y30.603
G1 X-41.976 Y30.535
G1 X-41.939 Y30.465
G1 X-41.903 Y30.391
G1 X-41.867 Y30.313
G1 X-41.832 Y30.23
G1 X-41.797 Y30.142
G1 X-41.764 Y30.047
G1 X-41.731 Y29.945
G1 X-41.7 Y29.836
G1 X-41.67 Y29.717
G1 X-41.642 Y29.59
G1 X-41.615 Y29.452
G1 X-41.588 Y29.311
G1 X-41.561 Y29.161
G1 X-41.53 Y29.003
G1 X-41.499 Y28.838
G1 X-41.466 Y28.667
G1 X-41.431 Y28.493
G1 X-41.394 Y28.315
G1 X-41.356 Y28.136
G1 X-41.316 Y27.957
G1 X-41.275 Y27.779
G1 X-41.234 Y27.602
G1 X-41.191 Y27.43
G1 X-41.147 Y27.262
G1 X-41.103 Y27.101
G1 X-41.058 Y26.947
G1 X-40.899 Y26.441
G1 X-40.732 Y25.931
G1 X-40.555 Y25.418
G1 X-40.371 Y24.904
G1 X-40.18 Y24.389
G1 X-39.983 Y23.874
G1 X-39.78 Y23.361
G1 X-39.573 Y22.85
G1 X-39.363 Y22.342
G1 X-39.15 Y21.838
G1 X-38.935 Y21.34
G1 X-38.842 Y21.128
G1 X-38.753 Y20.925
G1 X-38.665 Y20.731
G1 X-38.578 Y20.545
G1 X-38.493 Y20.366
G1 X-38.407 Y20.194
G1 X-38.319 Y20.027
G1 X-38.23 Y19.866
G1 X-38.138 Y19.708
G1 X-38.042 Y19.554
G1 X-37.942 Y19.403
G1 X-37.837 Y19.254
G1 X-37.725 Y19.106
G1 X-37.606 Y18.958
G1 X-37.48 Y18.811
G1 X-37.345 Y18.662
G1 X-37.2 Y18.511
G1 X-37.045 Y18.358
M5
G0 X47.43 Y56.291
M3
G1 X47.555 Y56.124
G1 X47.686 Y55.959
G1 X47.823 Y55.797
G1 X47.966 Y55.639
G1 X48.117 Y55.483
G1 X48.273 Y55.332
G1 X48.437 Y55.185
G1 X48.608 Y55.041
G1 X48.786 Y54.903
G1 X48.971 Y54.769
G1 X49.165 Y54.64
G1 X49.364 Y54.516
G1 X49.574 Y54.398
G1 X49.79 Y54.286
G1 X50.015 Y54.18
G1 X50.248 Y54.08
G1 X50.45 Y54.003
G1 X50.652 Y53.937
G1 X50.853 Y53.88
G1 X51.053 Y53.831
G1 X51.253 Y53.79
G1 X51.452 Y53.755
G1 X51.65 Y53.727
G1 X51.849 Y53.703
G1 X52.045 Y53.683
G1 X52.242 Y53.666
G1 X52.437 Y53.652
G1 X52.631 Y53.638
G1 X52.824 Y53.625
G1 X53.018 Y53.611
G1 X53.209 Y53.595
G1 X53.4 Y53.577
G1 X53.589 Y53.556
G1 X53.778 Y53.531
G1 X53.965 Y53.5
G1 X54.152 Y53.463
G1 X54.337 Y53.419
G1 X54.521 Y53.367
G1 X54.703 Y53.306
G1 X54.885 Y53.236
G1 X55.102 Y53.137
G1 X55.247 Y53.061
G1 X55.389 Y52.979
G1 X55.527 Y52.892
G1 X55.663 Y52.799
G1 X55.796 Y52.702
G1 X55.927 Y52.602
G1 X56.055 Y52.498
G1 X56.182 Y52.391
G1 X56.308 Y52.281
G1 X56.433 Y52.17
G1 X56.556 Y52.057
G1 X56.679 Y51.943
G1 X56.801 Y51.829
G1 X56.923 Y51.714
G1 X57.044 Y51.601
G1 X57.166 Y51.488
G1 X57.289 Y51.377
G1 X57.413 Y51.268
G1 X57.537 Y51.162
G1 X57.663 Y51.058
G1 X57.791 Y50.958
G1 X57.92 Y50.863
G1 X58.052 Y50.772
G1 X58.186 Y50.685
G1 X58.323 Y50.605
G1 X58.462 Y50.53
G1 X58.604 Y50.462
G1 X58.75 Y50.401
G1 X58.9 Y50.348
G1 X59.054 Y50.302
G1 X59.211 Y50.266
G1 X59.374 Y50.238
G1 X59.652 Y50.213
G1 X59.795 Y50.211
G1 X59.93 Y50.217
G1 X60.055 Y50.23
G1 X60.173 Y50.251
G1 X60.282 Y50.279
G1 X60.383 Y50.314
G1 X60.475 Y50.356
G1 X60.561 Y50.405
G1 X60.639 Y50.461
G1 X60.71 Y50.524
G1 X60.773 Y50.593
G1 X60.829 Y50.668
G1 X60.879 Y50.749
G1 X60.922 Y50.837
G1 X60.96 Y50.93
G1 X60.991 Y51.03
G1 X61.016 Y51.135
G1 X61.036 Y51.245
G1 X61.05 Y51.361
G1 X61.06 Y51.483
G1 X61.064 Y51.609
G1 X61.062 Y51.741
G1 X61.057 Y51.877
M5
G0 X76.905 Y56.172
M3
G1 X76.937 Y56.1
G1 X76.972 Y56.018
G1 X77.009 Y55.925
G1 X77.048 Y55.823
G1 X77.09 Y55.711
G1 X77.133 Y55.592
G1 X77.177 Y55.465
G1 X77.223 Y55.331
G1 X77.27 Y55.191
G1 X77.318 Y55.046
G1 X77.366 Y54.897
G1 X77.415 Y54.743
G1 X77.463 Y54.587
G1 X77.511 Y54.428
G1 X77.559 Y54.268
G1 X77.607 Y54.106
G1 X77.653 Y53.945
G1 X77.7 Y53.784
G1 X77.743 Y53.625
G1 X77.786 Y53.467
G1 X77.827 Y53.312
G1 X77.866 Y53.161
G1 X77.902 Y53.014
G1 X77.936 Y52.873
G1 X77.973 Y52.712
G1 X78.013 Y52.515
G1 X78.043 Y52.321
G1 X78.066 Y52.127
G1 X78.086 Y51.935
G1 X78.105 Y51.743
G1 X78.126 Y51.551
G1 X78.151 Y51.357
G1 X78.182 Y51.162
G1 X78.213 Y51.006
G1 X78.247 Y50.851
G1 X78.286 Y50.697
G1 X78.328 Y50.542
G1 X78.372 Y50.386
G1 X78.419 Y50.228
G1 X78.466 Y50.068
G1 X78.515 Y49.904
G1 X78.564 Y49.737
G1 X78.613 Y49.565
G1 X78.661 Y49.388
G1 X78.708 Y49.206
G1 X78.753 Y49.016
G1 X78.796 Y48.82
G1 X78.835 Y48.615
G1 X78.871 Y48.402
G1 X78.903 Y48.18
G1 X78.925 Y48.016
G1 X78.946 Y47.862
G1 X78.963 Y47.716
G1 X78.979 Y47.578
G1 X78.992 Y47.447
G1 X79.0 Y47.323
G1 X79.002 Y47.206
G1 X79.0 Y47.096
G1 X78.99 Y46.991
G1 X78.974 Y46.891
G1 X78.949 Y46.797
G1 X78.916 Y46.707
G1 X78.873 Y46.622
G1 X78.819 Y46.54
G1 X78.755 Y46.462
G1 X78.702 Y46.411
G1 X78.642 Y46.369
G1 X78.577 Y46.334
G1 X78.508 Y46.307
G1 X78.434 Y46.286
G1 X78.359 Y46.271
G1 X78.281 Y46.261
G1 X78.202 Y46.256
G1 X78.122 Y46.255
G1 X78.044 Y46.258
G1 X77.967 Y46.263
G1 X77.891 Y46.27
G1 X77.818 Y46.278
G1 X77.749 Y46.288
G1 X77.684 Y46.298
G1 X77.626 Y46.307
G1 X77.573 Y46.315
G1 X77.527 Y46.322
G1 X77.397 Y46.336
G1 X77.256 Y46.349
G1 X77.107 Y46.358
G1 X76.951 Y46.365
G1 X76.787 Y46.37
G1 X76.619 Y46.372
G1 X76.447 Y46.372
G1 X76.273 Y46.37
G1 X76.097 Y46.366
G1 X75.921 Y46.36
G1 X75.746 Y46.352
G1 X75.574 Y46.342
G1 X75.405 Y46.331
G1 X75.241 Y46.318
G1 X75.082 Y46.304
G1 X74.931 Y46.288
G1 X74.789 Y46.271
M5
G0 X11.577 Y55.695
M3
G1 X11.425 Y55.596
G1 X11.276 Y55.486
G1 X11.127 Y55.366
G1 X10.983 Y55.235
G1 X10.84 Y55.094
G1 X10.7 Y54.944
G1 X10.564 Y54.785
G1 X10.43 Y54.619
G1 X10.301 Y54.445
G1 X10.175 Y54.263
G1 X10.052 Y54.076
G1 X9.934 Y53.882
G1 X9.819 Y53.684
G1 X9.709 Y53.48
G1 X9.604 Y53.273
G1 X9.503 Y53.061
G1 X9.406 Y52.847
G1 X9.315 Y52.63
G1 X9.23 Y52.411
G1 X9.149 Y52.191
G1 X9.074 Y51.97
G1 X9.005 Y51.749
G1 X8.941 Y51.527
G1 X8.883 Y51.307
G1 X8.832 Y51.088
G1 X8.787 Y50.871
G1 X8.749 Y50.656
G1 X8.718 Y50.445
G1 X8.693 Y50.237
G1 X8.675 Y50.033
G1 X8.665 Y49.834
G1 X8.662 Y49.64
G1 X8.672 Y49.372
M5
G0 X13.042 Y52.593
M3
G1 X12.814 Y52.435
G1 X12.593 Y52.27
G1 X12.381 Y52.097
G1 X12.176 Y51.917
G1 X11.978 Y51.729
G1 X11.788 Y51.532
G1 X11.604 Y51.326
G1 X11.424 Y51.112
G1 X11.251 Y50.887
G1 X11.081 Y50.653
G1 X10.918 Y50.409
G1 X10.757 Y50.154
G1 X10.6 Y49.888
G1 X10.446 Y49.611
G1 X10.364 Y49.459
G1 X10.281 Y49.301
G1 X10.196 Y49.139
G1 X10.111 Y48.973
G1 X10.026 Y48.803
G1 X9.943 Y48.631
G1 X9.862 Y48.456
G1 X9.783 Y48.281
G1 X9.706 Y48.104
G1 X9.635 Y47.927
G1 X9.567 Y47.752
G1 X9.506 Y47.577
G1 X9.451 Y47.405
G1 X9.401 Y47.235
G1 X9.36 Y47.068
G1 X9.327 Y46.906
G1 X9.304 Y46.748
G1 X9.294 Y46.676
G1 X9.286 Y46.6
G1 X9.278 Y46.521
G1 X9.271 Y46.441
G1 X9.264 Y46.359
G1 X9.259 Y46.276
G1 X9.256 Y46.192
G1 X9.254 Y46.109
G1 X9.253 Y46.026
G1 X9.255 Y45.945
G1 X9.26 Y45.866
G1 X9.267 Y45.79
G1 X9.277 Y45.717
G1 X9.291 Y45.647
G1 X9.308 Y45.582
G1 X9.328 Y45.521
G1 X9.353 Y45.467
G1 X9.381 Y45.418
G1 X9.414 Y45.376
G1 X9.452 Y45.341
G1 X9.496 Y45.314
G1 X9.543 Y45.295
G1 X9.622 Y45.277
G1 X9.698 Y45.27
G1 X9.772 Y45.271
G1 X9.843 Y45.281
G1 X9.913 Y45.298
G1 X9.98 Y45.322
G1 X10.044 Y45.352
G1 X10.107 Y45.387
G1 X10.168 Y45.427
G1 X10.226 Y45.47
G1 X10.283 Y45.517
G1 X10.336 Y45.566
G1 X10.39 Y45.617
G1 X10.441 Y45.668
G1 X10.49 Y45.719
G1 X10.538 Y45.77
G1 X10.583 Y45.819
G1 X10.652 Y45.893
G1 X10.727 Y45.974
G1 X10.808 Y46.062
G1 X10.896 Y46.156
G1 X10.988 Y46.255
G1 X11.085 Y46.359
G1 X11.187 Y46.466
G1 X11.293 Y46.577
G1 X11.402 Y46.689
G1 X11.515 Y46.803
G1 X11.63 Y46.918
G1 X11.748 Y47.033
G1 X11.868 Y47.146
G1 X11.989 Y47.258
G1 X12.112 Y47.367
G1 X12.236 Y47.474
G1 X12.359 Y47.576
G1 X12.482 Y47.673
G1 X12.604 Y47.765
G1 X12.726 Y47.85
G1 X12.846 Y47.928
G1 X12.965 Y47.999
G1 X13.08 Y48.06
M5
G0 X46.038 Y51.758
M3
G1 X45.889 Y51.598
G1 X45.74 Y51.431
G1 X45.593 Y51.256
G1 X45.447 Y51.075
G1 X45.302 Y50.887
G1 X45.16 Y50.693
G1 X45.02 Y50.493
G1 X44.885 Y50.287
G1 X44.755 Y50.075
G1 X44.629 Y49.858
G1 X44.508 Y49.636
G1 X44.395 Y49.409
G1 X44.288 Y49.177
G1 X44.188 Y48.941
G1 X44.097 Y48.701
G1 X44.015 Y48.456
G1 X43.942 Y48.208
G1 X43.879 Y47.957
G1 X43.827 Y47.702
G1 X43.799 Y47.541
G1 X43.774 Y47.388
G1 X43.754 Y47.242
G1 X43.736 Y47.102
G1 X43.723 Y46.968
G1 X43.711 Y46.838
G1 X43.702 Y46.71
G1 X43.694 Y46.584
G1 X43.689 Y46.458
G1 X43.686 Y46.331
G1 X43.683 Y46.203
G1 X43.68 Y46.071
G1 X43.678 Y45.935
G1 X43.677 Y45.794
G1 X43.661 Y44.976
G1 X43.64 Y44.156
G1 X43.613 Y43.332
G1 X43.583 Y42.506
G1 X43.551 Y41.677
G1 X43.519 Y40.843
G1 X43.488 Y40.006
G1 X43.46 Y39.164
G1 X43.436 Y38.317
G1 X43.417 Y37.466
G1 X43.406 Y36.609
G1 X43.405 Y36.264
G1 X43.407 Y35.915
G1 X43.41 Y35.565
G1 X43.416 Y35.214
G1 X43.426 Y34.863
G1 X43.436 Y34.514
G1 X43.45 Y34.167
G1 X43.466 Y33.823
G1 X43.484 Y33.484
G1 X43.503 Y33.151
G1 X43.525 Y32.824
G1 X43.548 Y32.505
G1 X43.574 Y32.195
G1 X43.587 Y32.025
G1 X43.595 Y31.857
G1 X43.6 Y31.692
G1 X43.603 Y31.527
G1 X43.604 Y31.364
G1 X43.603 Y31.2
G1 X43.603 Y31.036
G1 X43.603 Y30.87
G1 X43.605 Y30.702
G1 X43.609 Y30.532
G1 X43.616 Y30.359
G1 X43.628 Y30.181
G1 X43.642 Y29.999
G1 X43.664 Y29.812
G1 X43.691 Y29.619
G1 X43.724 Y29.42
G1 X43.766 Y29.213
G1 X43.834 Y28.895
G1 X43.898 Y28.566
G1 X43.96 Y28.228
G1 X44.02 Y27.883
G1 X44.076 Y27.53
G1 X44.131 Y27.172
G1 X44.183 Y26.81
G1 X44.233 Y26.445
G1 X44.282 Y26.077
G1 X44.327 Y25.708
G1 X44.371 Y25.339
G1 X44.413 Y24.972
G1 X44.453 Y24.607
G1 X44.491 Y24.246
G1 X44.528 Y23.889
G1 X44.563 Y23.539
G1 X44.596 Y23.195
G1 X44.628 Y22.859
G1 X44.658 Y22.533
G1 X44.685 Y22.248
G1 X44.711 Y21.955
G1 X44.738 Y21.655
G1 X44.767 Y21.349
G1 X44.797 Y21.038
G1 X44.83 Y20.724
G1 X44.863 Y20.407
G1 X44.899 Y20.088
G1 X44.937 Y19.769
G1 X44.978 Y19.45
G1 X45.021 Y19.133
G1 X45.069 Y18.818
G1 X45.119 Y18.508
G1 X45.172 Y18.202
G1 X45.23 Y17.901
G1 X45.29 Y17.608
G1 X45.357 Y17.322
G1 X45.428 Y17.046
G1 X45.498 Y16.79
G1 X45.574 Y16.53
G1 X45.653 Y16.267
G1 X45.734 Y16.002
G1 X45.816 Y15.734
G1 X45.898 Y15.466
G1 X45.98 Y15.196
G1 X46.058 Y14.927
G1 X46.133 Y14.659
G1 X46.203 Y14.391
G1 X46.267 Y14.126
G1 X46.324 Y13.863
G1 X46.373 Y13.604
G1 X46.411 Y13.348
G1 X46.455 Y13.033
G1 X46.498 Y12.728
G1 X46.542 Y12.432
G1 X46.587 Y12.143
G1 X46.63 Y11.862
G1 X46.673 Y11.586
G1 X46.714 Y11.315
G1 X46.752 Y11.049
G1 X46.789 Y10.786
G1 X46.822 Y10.526
G1 X46.851 Y10.267
G1 X46.876 Y10.009
G1 X46.897 Y9.75
G1 X46.913 Y9.491
G1 X46.922 Y9.229
G1 X46.926 Y8.964
G1 X46.922 Y8.696
G1 X46.911 Y8.416
G1 X46.891 Y8.13
G1 X46.862 Y7.841
G1 X46.827 Y7.548
G1 X46.784 Y7.251
G1 X46.736 Y6.95
G1 X46.682 Y6.647
G1 X46.624 Y6.342
G1 X46.562 Y6.034
G1 X46.498 Y5.725
G1 X46.431 Y5.414
G1 X46.364 Y5.103
G1 X46.294 Y4.79
G1 X46.225 Y4.478
G1 X46.158 Y4.165
G1 X46.091 Y3.853
G1 X46.027 Y3.542
G1 X45.966 Y3.232
G1 X45.908 Y2.924
G1 X45.856 Y2.618
G1 X45.809 Y2.314
G1 X45.767 Y2.013
G1 X45.732 Y1.714
G1 X45.705 Y1.42
G1 X45.694 Y1.274
G1 X45.685 Y1.137
G1 X45.677 Y1.007
G1 X45.671 Y0.882
G1 X45.665 Y0.761
G1 X45.661 Y0.643
G1 X45.655 Y0.526
G1 X45.649 Y0.407
G1 X45.643 Y0.287
G1 X45.636 Y0.162
G1 X45.626 Y0.032
G1 X45.615 Y-0.105
G1 X45.601 Y-0.25
G1 X45.575 Y-0.512
G1 X45.548 Y-0.77
G1 X45.523 Y-1.028
G1 X45.498 Y-1.285
G1 X45.476 Y-1.542
G1 X45.455 Y-1.8
G1 X45.438 Y-2.06
G1 X45.424 Y-2.323
G1 X45.414 Y-2.589
G1 X45.407 Y-2.859
G1 X45.405 Y-3.135
G1 X45.409 Y-3.417
G1 X45.418 Y-3.705
G1 X45.433 Y-4.001
G1 X45.456 Y-4.306
G1 X45.465 Y-4.44
G1 X45.471 Y-4.566
G1 X45.476 Y-4.686
G1 X45.478 Y-4.8
G1 X45.478 Y-4.911
G1 X45.477 Y-5.019
G1 X45.475 Y-5.125
G1 X45.473 Y-5.23
G1 X45.471 Y-5.336
G1 X45.47 Y-5.444
G1 X45.47 Y-5.554
G1 X45.471 Y-5.668
G1 X45.475 Y-5.787
G1 X45.481 Y-5.912
G1 X45.49 Y-6.044
G1 X45.502 Y-6.184
G1 X45.519 Y-6.334
G1 X45.552 Y-6.578
G1 X45.591 Y-6.813
G1 X45.636 Y-7.039
G1 X45.687 Y-7.256
G1 X45.743 Y-7.465
G1 X45.806 Y-7.665
G1 X45.873 Y-7.859
G1 X45.946 Y-8.045
G1 X46.024 Y-8.224
G1 X46.106 Y-8.396
G1 X46.193 Y-8.562
G1 X46.285 Y-8.722
G1 X46.382 Y-8.876
G1 X46.483 Y-9.025
G1 X46.587 Y-9.169
G1 X46.695 Y-9.309
G1 X46.808 Y-9.444
G1 X46.924 Y-9.574
G1 X47.044 Y-9.702
G1 X47.167 Y-9.826
G1 X47.292 Y-9.947
G1 X47.422 Y-10.065
G1 X47.553 Y-10.181
G1 X47.688 Y-10.294
G1 X47.824 Y-10.407
G1 X47.963 Y-10.517
G1 X48.105 Y-10.627
G1 X48.248 Y-10.736
G1 X48.394 Y-10.845
G1 X48.54 Y-10.953
G1 X48.689 Y-11.062
G1 X48.838 Y-11.171
G1 X48.99 Y-11.282
G1 X49.142 Y-11.393
G1 X49.295 Y-11.506
G1 X49.449 Y-11.622
G1 X49.603 Y-11.739
G1 X49.758 Y-11.859
G1 X49.913 Y-11.982
G1 X50.068 Y-12.108
G1 X50.224 Y-12.238
G1 X50.378 Y-12.371
G1 X50.532 Y-12.509
G1 X50.687 Y-12.651
G1 X50.84 Y-12.799
G1 X51.064 Y-13.025
G1 X51.154 Y-13.123
G1 X51.244 Y-13.229
G1 X51.334 Y-13.342
G1 X51.424 Y-13.46
G1 X51.511 Y-13.583
G1 X51.596 Y-13.709
G1 X51.679 Y-13.837
G1 X51.757 Y-13.966
G1 X51.832 Y-14.095
G1 X51.901 Y-14.223
G1 X51.966 Y-14.349
G1 X52.024 Y-14.47
G1 X52.075 Y-14.588
G1 X52.12 Y-14.699
G1 X52.156 Y-14.803
G1 X52.193 Y-14.927
G1 X52.223 Y-15.044
G1 X52.249 Y-15.153
G1 X52.268 Y-15.256
G1 X52.283 Y-15.353
G1 X52.294 Y-15.446
G1 X52.303 Y-15.535
G1 X52.309 Y-15.621
G1 X52.313 Y-15.705
G1 X52.316 Y-15.787
G1 X52.319 Y-15.868
G1 X52.322 Y-15.95
G1 X52.328 Y-16.032
G1 X52.334 Y-16.115
G1 X52.249 Y-16.114
G1 X52.161 Y-16.111
G1 X52.068 Y-16.106
G1 X51.972 Y-16.099
G1 X51.877 Y-16.09
G1 X51.779 Y-16.079
G1 X51.683 Y-16.066
G1 X51.587 Y-16.052
G1 X51.494 Y-16.035
G1 X51.404 Y-16.017
G1 X51.319 Y-15.996
G1 X51.24 Y-15.974
G1 X51.166 Y-15.951
G1 X51.099 Y-15.925
G1 X51.041 Y-15.898
G1 X50.992 Y-15.869
G1 X50.954 Y-15.839
G1 X50.922 Y-15.806
G1 X50.893 Y-15.772
G1 X50.867 Y-15.735
G1 X50.841 Y-15.697
G1 X50.817 Y-15.657
G1 X50.792 Y-15.615
G1 X50.766 Y-15.571
G1 X50.738 Y-15.526
G1 X50.708 Y-15.478
G1 X50.675 Y-15.429
G1 X50.636 Y-15.379
G1 X50.593 Y-15.326
G1 X50.544 Y-15.272
G1 X50.487 Y-15.216
G1 X50.424 Y-15.159
G1 X50.352 Y-15.1
G1 X50.27 Y-15.039
G1 X50.178 Y-14.977
G1 X50.076 Y-14.913
G1 X49.952 Y-14.845
G1 X49.827 Y-14.788
G1 X49.703 Y-14.741
G1 X49.579 Y-14.705
G1 X49.456 Y-14.678
G1 X49.335 Y-14.66
G1 X49.215 Y-14.65
G1 X49.097 Y-14.648
G1 X48.982 Y-14.654
G1 X48.87 Y-14.667
G1 X48.762 Y-14.686
G1 X48.657 Y-14.711
G1 X48.557 Y-14.742
G1 X48.462 Y-14.777
G1 X48.371 Y-14.817
G1 X48.287 Y-14.86
G1 X48.208 Y-14.907
G1 X48.137 Y-14.957
G1 X48.071 Y-15.009
G1 X48.014 Y-15.063
G1 X47.963 Y-15.118
G1 X47.921 Y-15.174
G1 X47.9 Y-15.21
G1 X47.879 Y-15.253
G1 X47.858 Y-15.303
G1 X47.835 Y-15.36
G1 X47.81 Y-15.421
G1 X47.783 Y-15.486
G1 X47.752 Y-15.554
G1 X47.717 Y-15.624
G1 X47.677 Y-15.695
G1 X47.633 Y-15.765
G1 X47.582 Y-15.834
G1 X47.525 Y-15.901
G1 X47.461 Y-15.965
G1 X47.388 Y-16.025
G1 X47.308 Y-16.079
G1 X47.189 Y-16.144
G1 X47.064 Y-16.201
G1 X46.935 Y-16.251
G1 X46.8 Y-16.294
G1 X46.662 Y-16.331
G1 X46.522 Y-16.362
G1 X46.381 Y-16.388
G1 X46.24 Y-16.409
G1 X46.099 Y-16.426
G1 X45.96 Y-16.44
G1 X45.824 Y-16.45
G1 X45.693 Y-16.458
G1 X45.566 Y-16.464
G1 X45.446 Y-16.468
G1 X45.388 Y-16.469
G1 X45.32 Y-16.469
G1 X45.242 Y-16.467
G1 X45.153 Y-16.464
G1 X45.058 Y-16.461
G1 X44.956 Y-16.456
G1 X44.846 Y-16.451
G1 X44.733 Y-16.444
G1 X44.613 Y-16.438
G1 X44.492 Y-16.431
G1 X44.367 Y-16.424
G1 X44.24 Y-16.416
G1 X44.114 Y-16.409
G1 X43.987 Y-16.401
G1 X43.86 Y-16.394
G1 X43.737 Y-16.387
G1 X43.616 Y-16.38
G1 X43.5 Y-16.374
G1 X43.387 Y-16.368
G1 X43.281 Y-16.363
G1 X43.181 Y-16.359
G1 X43.089 Y-16.357
G1 X43.005 Y-16.355
G1 X42.931 Y-16.354
G1 X42.628 Y-16.355
G1 X42.334 Y-16.358
G1 X42.048 Y-16.363
G1 X41.769 Y-16.369
G1 X41.498 Y-16.376
G1 X41.231 Y-16.383
G1 X40.97 Y-16.39
G1 X40.712 Y-16.396
G1 X40.457 Y-16.401
G1 X40.205 Y-16.404
G1 X39.953 Y-16.405
G1 X39.87 Y-16.404
G1 X39.776 Y-16.4
G1 X39.672 Y-16.394
G1 X39.561 Y-16.386
G1 X39.441 Y-16.376
G1 X39.315 Y-16.363
G1 X39.182 Y-16.348
G1 X39.045 Y-16.331
G1 X38.904 Y-16.313
G1 X38.759 Y-16.292
G1 X38.612 Y-16.27
G1 X38.465 Y-16.246
G1 X38.317 Y-16.22
G1 X38.169 Y-16.193
G1 X38.023 Y-16.164
G1 X37.879 Y-16.133
G1 X37.739 Y-16.102
G1 X37.602 Y-16.069
G1 X37.471 Y-16.034
G1 X37.346 Y-15.999
G1 X37.226 Y-15.962
G1 X37.116 Y-15.924
G1 X37.015 Y-15.885
G1 X36.922 Y-15.846
G1 X36.741 Y-15.757
G1 X36.57 Y-15.665
G1 X36.409 Y-15.569
G1 X36.258 Y-15.47
G1 X36.118 Y-15.367
G1 X35.987 Y-15.26
G1 X35.864 Y-15.15
G1 X35.752 Y-15.037
G1 X35.646 Y-14.921
G1 X35.55 Y-14.802
G1 X35.461 Y-14.68
G1 X35.38 Y-14.555
G1 X35.306 Y-14.428
G1 X35.24 Y-14.298
G1 X35.18 Y-14.166
G1 X35.127 Y-14.031
G1 X35.08 Y-13.895
G1 X35.038 Y-13.756
G1 X35.002 Y-13.615
G1 X34.972 Y-13.473
G1 X34.946 Y-13.329
G1 X34.924 Y-13.184
G1 X34.908 Y-13.037
G1 X34.896 Y-12.888
G1 X34.887 Y-12.739
G1 X34.88 Y-12.588
G1 X34.878 Y-12.437
G1 X34.879 Y-12.284
G1 X34.881 Y-12.131
G1 X34.887 Y-11.978
G1 X34.893 Y-11.824
G1 X34.902 Y-11.669
G1 X34.912 Y-11.514
G1 X34.923 Y-11.36
G1 X34.935 Y-11.205
G1 X34.947 Y-11.05
G1 X34.959 Y-10.895
G1 X34.972 Y-10.741
G1 X34.983 Y-10.588
G1 X34.994 Y-10.435
G1 X35.004 Y-10.282
G1 X35.011 Y-10.131
G1 X35.018 Y-9.98
G1 X35.023 Y-9.83
G1 X35.025 Y-9.682
G1 X35.025 Y-9.535
G1 X35.022 Y-9.389
G1 X35.016 Y-9.245
G1 X35.006 Y-9.102
G1 X34.992 Y-8.958
G1 X34.971 Y-8.785
G1 X34.946 Y-8.608
G1 X34.919 Y-8.426
G1 X34.891 Y-8.241
G1 X34.862 Y-8.053
G1 X34.833 Y-7.862
G1 X34.804 Y-7.67
G1 X34.778 Y-7.477
G1 X34.755 Y-7.284
G1 X34.735 Y-7.091
G1 X34.721 Y-6.899
G1 X34.711 Y-6.709
G1 X34.709 Y-6.521
G1 X34.712 Y-6.336
G1 X34.725 Y-6.154
G1 X34.747 Y-5.976
M5
G0 X61.109 Y51.281
M3
G1 X61.179 Y51.219
G1 X61.249 Y51.161
G1 X61.32 Y51.103
G1 X61.391 Y51.047
G1 X61.463 Y50.99
G1 X61.537 Y50.932
G1 X61.613 Y50.872
G1 X61.691 Y50.808
G1 X61.772 Y50.741
G1 X61.856 Y50.668
G1 X61.943 Y50.59
G1 X62.034 Y50.504
G1 X62.13 Y50.411
G1 X62.23 Y50.309
G1 X62.334 Y50.197
G1 X62.372 Y50.154
G1 X62.416 Y50.101
G1 X62.465 Y50.039
G1 X62.52 Y49.968
G1 X62.58 Y49.889
G1 X62.645 Y49.802
G1 X62.714 Y49.709
G1 X62.787 Y49.61
G1 X62.864 Y49.504
G1 X62.944 Y49.394
G1 X63.027 Y49.279
G1 X63.111 Y49.161
G1 X63.199 Y49.04
G1 X63.287 Y48.916
G1 X63.378 Y48.79
G1 X63.47 Y48.663
G1 X63.562 Y48.535
G1 X63.655 Y48.408
G1 X63.747 Y48.281
G1 X63.839 Y48.155
G1 X63.93 Y48.031
G1 X64.02 Y47.91
G1 X64.109 Y47.792
G1 X64.195 Y47.677
G1 X64.279 Y47.567
G1 X64.361 Y47.462
G1 X64.439 Y47.363
G1 X64.514 Y47.269
G1 X64.586 Y47.183
G1 X64.653 Y47.104
G1 X64.758 Y46.988
G1 X64.88 Y46.862
G1 X64.997 Y46.744
G1 X65.111 Y46.633
G1 X65.223 Y46.527
G1 X65.333 Y46.424
G1 X65.443 Y46.323
G1 X65.553 Y46.223
G1 X65.665 Y46.121
G1 X65.779 Y46.017
G1 X65.895 Y45.909
G1 X66.017 Y45.795
G1 X66.143 Y45.674
G1 X66.501 Y45.335
G1 X66.862 Y45.006
G1 X67.227 Y44.688
G1 X67.597 Y44.379
G1 X67.973 Y44.079
G1 X68.352 Y43.788
G1 X68.738 Y43.505
G1 X69.128 Y43.23
G1 X69.524 Y42.962
G1 X69.927 Y42.701
G1 X70.335 Y42.447
G1 X70.751 Y42.198
G1 X71.174 Y41.954
G1 X71.602 Y41.716
G1 X72.04 Y41.482
G1 X72.484 Y41.252
G1 X72.786 Y41.103
G1 X73.086 Y40.965
G1 X73.385 Y40.835
G1 X73.683 Y40.715
G1 X73.981 Y40.602
G1 X74.277 Y40.495
G1 X74.574 Y40.395
G1 X74.871 Y40.299
G1 X75.168 Y40.207
G1 X75.466 Y40.119
G1 X75.765 Y40.033
G1 X76.064 Y39.948
G1 X76.365 Y39.864
G1 X76.669 Y39.779
G1 X76.928 Y39.709
G1 X77.181 Y39.644
G1 X77.43 Y39.583
G1 X77.675 Y39.527
G1 X77.918 Y39.474
G1 X78.162 Y39.424
G1 X78.406 Y39.376
G1 X78.654 Y39.329
G1 X78.907 Y39.283
G1 X79.165 Y39.238
G1 X79.431 Y39.191
G1 X79.706 Y39.144
G1 X79.87 Y39.115
G1 X80.041 Y39.084
G1 X80.218 Y39.052
G1 X80.402 Y39.018
G1 X80.59 Y38.982
G1 X80.779 Y38.946
G1 X80.97 Y38.909
G1 X81.161 Y38.872
G1 X81.35 Y38.834
G1 X81.537 Y38.797
G1 X81.719 Y38.76
G1 X81.895 Y38.724
G1 X82.064 Y38.689
G1 X82.225 Y38.655
G1 X82.376 Y38.623
G1 X82.668 Y38.565
G1 X82.955 Y38.517
G1 X83.241 Y38.478
G1 X83.523 Y38.448
G1 X83.806 Y38.426
G1 X84.09 Y38.41
G1 X84.374 Y38.401
G1 X84.663 Y38.398
G1 X84.809 Y38.398
G1 X84.945 Y38.399
G1 X85.072 Y38.4
G1 X85.193 Y38.402
G1 X85.307 Y38.404
G1 X85.416 Y38.407
G1 X85.52 Y38.41
G1 X85.62 Y38.414
G1 X85.719 Y38.419
G1 X85.816 Y38.425
G1 X85.914 Y38.431
G1 X86.012 Y38.438
G1 X86.112 Y38.446
G1 X86.216 Y38.454
G1 X86.323 Y38.464
G1 X86.436 Y38.474
G1 X86.555 Y38.485
G1 X86.682 Y38.497
G1 X86.777 Y38.505
G1 X86.882 Y38.51
G1 X86.992 Y38.514
G1 X87.108 Y38.517
G1 X87.229 Y38.518
G1 X87.354 Y38.519
G1 X87.48 Y38.519
G1 X87.607 Y38.52
G1 X87.733 Y38.52
G1 X87.858 Y38.521
G1 X87.98 Y38.524
G1 X88.097 Y38.527
G1 X88.21 Y38.532
G1 X88.316 Y38.539
G1 X88.414 Y38.548
G1 X88.504 Y38.56
G1 X88.583 Y38.575
G1 X88.708 Y38.606
G1 X88.823 Y38.64
G1 X88.928 Y38.676
G1 X89.024 Y38.715
G1 X89.11 Y38.756
G1 X89.189 Y38.799
G1 X89.26 Y38.843
G1 X89.324 Y38.889
G1 X89.382 Y38.936
G1 X89.434 Y38.984
G1 X89.481 Y39.032
G1 X89.524 Y39.08
G1 X89.564 Y39.128
G1 X89.6 Y39.175
G1 X89.634 Y39.222
G1 X89.664 Y39.268
G1 X89.696 Y39.312
G1 X89.725 Y39.355
G1 X89.755 Y39.396
G1 X89.785 Y39.435
G1 X89.817 Y39.472
M5
G0 X72.992 Y50.446
M3
G1 X73.105 Y50.495
G1 X73.229 Y50.542
G1 X73.361 Y50.586
G1 X73.502 Y50.628
G1 X73.649 Y50.668
G1 X73.802 Y50.705
G1 X73.961 Y50.741
G1 X74.123 Y50.774
G1 X74.289 Y50.805
G1 X74.459 Y50.835
G1 X74.629 Y50.862
G1 X74.8 Y50.887
G1 X74.972 Y50.91
G1 X75.142 Y50.931
G1 X75.311 Y50.95
G1 X75.478 Y50.967
G1 X75.641 Y50.983
G1 X75.798 Y50.996
G1 X75.952 Y51.008
G1 X76.1 Y51.018
G1 X76.239 Y51.026
G1 X76.371 Y51.033
G1 X76.495 Y51.037
G1 X76.608 Y51.041
G1 X76.756 Y51.042
G1 X76.868 Y51.042
G1 X76.97 Y51.042
G1 X77.064 Y51.042
G1 X77.149 Y51.042
G1 X77.229 Y51.042
G1 X77.304 Y51.042
G1 X77.375 Y51.042
G1 X77.444 Y51.042
G1 X77.512 Y51.042
G1 X77.58 Y51.042
G1 X77.65 Y51.042
G1 X77.722 Y51.042
G1 X77.799 Y51.042
G1 X77.882 Y51.042
G1 X77.971 Y51.042
G1 X78.069 Y51.042
M5
G0 X-32.123 Y46.629
M3
G1 X-31.752 Y46.537
G1 X-31.381 Y46.44
G1 X-31.009 Y46.337
G1 X-30.638 Y46.229
G1 X-30.265 Y46.114
G1 X-29.895 Y45.993
G1 X-29.525 Y45.865
G1 X-29.157 Y45.73
G1 X-28.79 Y45.588
G1 X-28.426 Y45.439
G1 X-28.066 Y45.282
G1 X-27.708 Y45.116
G1 X-27.354 Y44.942
G1 X-27.004 Y44.76
G1 X-26.659 Y44.569
G1 X-26.319 Y44.368
G1 X-26.179 Y44.283
G1 X-26.046 Y44.202
G1 X-25.918 Y44.122
G1 X-25.795 Y44.044
G1 X-25.676 Y43.967
G1 X-25.557 Y43.889
G1 X-25.439 Y43.809
G1 X-25.321 Y43.726
G1 X-25.199 Y43.64
G1 X-25.075 Y43.549
G1 X-24.947 Y43.452
G1 X-24.811 Y43.348
G1 X-24.67 Y43.236
G1 X-24.52 Y43.114
G1 X-24.379 Y42.991
G1 X-24.245 Y42.868
G1 X-24.119 Y42.745
G1 X-23.996 Y42.621
G1 X-23.877 Y42.498
G1 X-23.758 Y42.373
G1 X-23.64 Y42.249
G1 X-23.52 Y42.123
G1 X-23.397 Y41.996
G1 X-23.27 Y41.869
G1 X-23.137 Y41.74
G1 X-22.995 Y41.61
G1 X-22.845 Y41.479
G1 X-22.603 Y41.274
G1 X-22.358 Y41.064
G1 X-22.109 Y40.852
G1 X-21.857 Y40.637
G1 X-21.602 Y40.421
G1 X-21.344 Y40.204
G1 X-21.082 Y39.987
G1 X-20.819 Y39.771
G1 X-20.553 Y39.556
G1 X-20.283 Y39.344
G1 X-20.012 Y39.136
G1 X-19.739 Y38.931
G1 X-19.464 Y38.732
G1 X-19.186 Y38.538
G1 X-18.906 Y38.351
G1 X-18.627 Y38.171
G1 X-18.343 Y37.999
G1 X-18.06 Y37.836
G1 X-17.776 Y37.683
G1 X-17.49 Y37.54
G1 X-17.246 Y37.426
G1 X-16.995 Y37.313
G1 X-16.739 Y37.202
G1 X-16.477 Y37.094
G1 X-16.21 Y36.988
G1 X-15.94 Y36.885
G1 X-15.667 Y36.785
G1 X-15.392 Y36.689
G1 X-15.116 Y36.597
G1 X-14.839 Y36.508
G1 X-14.562 Y36.424
G1 X-14.287 Y36.345
G1 X-14.012 Y36.271
G1 X-13.741 Y36.202
G1 X-13.473 Y36.139
G1 X-13.209 Y36.081
G1 X-12.95 Y36.03
G1 X-12.696 Y35.985
G1 X-12.45 Y35.947
G1 X-12.21 Y35.917
G1 X-11.978 Y35.893
M5
G0 X32.431 Y46.39
M3
G1 X32.303 Y46.16
G1 X32.182 Y45.934
G1 X32.07 Y45.711
G1 X31.963 Y45.489
G1 X31.864 Y45.268
G1 X31.77 Y45.048
G1 X31.679 Y44.826
G1 X31.594 Y44.603
G1 X31.511 Y44.376
G1 X31.431 Y44.146
G1 X31.351 Y43.912
G1 X31.272 Y43.671
G1 X31.194 Y43.424
G1 X31.115 Y43.17
G1 X31.016 Y42.843
G1 X30.918 Y42.512
G1 X30.822 Y42.175
G1 X30.728 Y41.834
G1 X30.637 Y41.489
G1 X30.549 Y41.14
G1 X30.465 Y40.788
G1 X30.385 Y40.433
G1 X30.308 Y40.076
G1 X30.237 Y39.716
G1 X30.172 Y39.356
G1 X30.112 Y38.994
G1 X30.059 Y38.632
G1 X30.012 Y38.269
G1 X29.973 Y37.907
G1 X29.94 Y37.546
G1 X29.917 Y37.185
G1 X29.901 Y36.826
G1 X29.894 Y36.47
G1 X29.897 Y36.115
G1 X29.91 Y35.764
G1 X29.933 Y35.416
G1 X29.952 Y35.145
G1 X29.967 Y34.877
G1 X29.977 Y34.613
G1 X29.984 Y34.351
G1 X29.989 Y34.091
G1 X29.993 Y33.832
G1 X29.998 Y33.574
G1 X30.002 Y33.316
G1 X30.009 Y33.057
G1 X30.019 Y32.797
G1 X30.032 Y32.535
G1 X30.05 Y32.27
G1 X30.073 Y32.002
G1 X30.103 Y31.73
G1 X30.141 Y31.453
G1 X30.188 Y31.171
G1 X30.244 Y30.883
G1 X30.294 Y30.649
G1 X30.343 Y30.425
G1 X30.391 Y30.209
G1 X30.439 Y30.0
G1 X30.488 Y29.796
G1 X30.537 Y29.597
G1 X30.586 Y29.401
G1 X30.636 Y29.206
G1 X30.687 Y29.011
G1 X30.74 Y28.815
G1 X30.793 Y28.617
G1 X30.85 Y28.416
G1 X30.908 Y28.209
G1 X30.969 Y27.996
G1 X31.032 Y27.775
G1 X31.098 Y27.545
G1 X31.167 Y27.305
G1 X31.242 Y27.04
G1 X31.317 Y26.78
G1 X31.391 Y26.522
G1 X31.464 Y26.265
G1 X31.54 Y26.009
G1 X31.618 Y25.751
G1 X31.7 Y25.491
G1 X31.787 Y25.226
G1 X31.88 Y24.957
G1 X31.98 Y24.68
G1 X32.229 Y24.02
G1 X32.484 Y23.363
G1 X32.744 Y22.707
G1 X33.011 Y22.053
G1 X33.28 Y21.401
G1 X33.553 Y20.75
G1 X33.828 Y20.101
G1 X34.105 Y19.452
G1 X34.384 Y18.805
G1 X34.662 Y18.158
G1 X34.941 Y17.512
G1 X35.217 Y16.866
G1 X35.492 Y16.22
G1 X35.764 Y15.574
G1 X36.033 Y14.928
G1 X36.297 Y14.282
G1 X36.557 Y13.635
G1 X36.811 Y12.987
G1 X37.058 Y12.338
G1 X37.298 Y11.689
G1 X37.529 Y11.038
G1 X37.752 Y10.385
G1 X37.967 Y9.731
G1 X38.317 Y8.577
G1 X38.398 Y8.289
G1 X38.475 Y8.008
G1 X38.547 Y7.734
G1 X38.615 Y7.465
G1 X38.677 Y7.2
G1 X38.734 Y6.938
G1 X38.787 Y6.679
G1 X38.834 Y6.421
G1 X38.876 Y6.163
G1 X38.912 Y5.904
G1 X38.944 Y5.644
G1 X38.97 Y5.381
G1 X38.991 Y5.114
G1 X39.005 Y4.842
G1 X39.015 Y4.564
G1 X39.019 Y4.28
G1 X39.016 Y3.987
G1 X39.009 Y3.686
G1 X38.994 Y3.428
G1 X38.967 Y3.173
G1 X38.931 Y2.92
G1 X38.883 Y2.67
G1 X38.826 Y2.423
G1 X38.759 Y2.18
G1 X38.683 Y1.94
G1 X38.6 Y1.705
G1 X38.507 Y1.473
G1 X38.407 Y1.246
G1 X38.3 Y1.023
G1 X38.187 Y0.805
G1 X38.066 Y0.593
G1 X37.94 Y0.385
G1 X37.809 Y0.184
G1 X37.673 Y-0.012
G1 X37.479 Y-0.271
G1 X37.277 Y-0.523
G1 X37.066 Y-0.767
G1 X36.849 Y-1.005
G1 X36.626 Y-1.236
G1 X36.397 Y-1.462
G1 X36.162 Y-1.683
G1 X35.924 Y-1.899
G1 X35.682 Y-2.112
G1 X35.436 Y-2.321
G1 X35.189 Y-2.528
G1 X34.939 Y-2.733
G1 X34.689 Y-2.936
G1 X34.438 Y-3.139
G1 X34.187 Y-3.342
G1 X33.938 Y-3.544
G1 X33.69 Y-3.748
G1 X33.444 Y-3.954
G1 X33.201 Y-4.161
G1 X32.963 Y-4.372
G1 X32.727 Y-4.585
G1 X32.497 Y-4.803
G1 X32.318 Y-4.975
G1 X32.136 Y-5.149
G1 X31.955 Y-5.325
G1 X31.772 Y-5.503
G1 X31.592 Y-5.681
G1 X31.416 Y-5.86
G1 X31.244 Y-6.039
G1 X31.08 Y-6.217
G1 X30.924 Y-6.396
G1 X30.777 Y-6.573
G1 X30.637 Y-6.743
G1 X30.489 Y-6.916
G1 X30.334 Y-7.089
G1 X30.173 Y-7.263
G1 X30.007 Y-7.438
G1 X29.837 Y-7.613
G1 X29.662 Y-7.788
G1 X29.486 Y-7.963
G1 X29.307 Y-8.138
G1 X29.128 Y-8.312
G1 X28.948 Y-8.486
G1 X28.77 Y-8.659
G1 X28.593 Y-8.83
G1 X28.417 Y-9.001
G1 X28.246 Y-9.169
G1 X28.079 Y-9.336
G1 X27.916 Y-9.501
G1 X27.76 Y-9.664
G1 X27.61 Y-9.824
G1 X27.468 Y-9.982
G1 X27.335 Y-10.136
G1 X27.21 Y-10.288
G1 X27.096 Y-10.436
G1 X27.05 Y-10.506
G1 X27.012 Y-10.584
G1 X26.98 Y-10.668
G1 X26.953 Y-10.757
G1 X26.93 Y-10.85
G1 X26.911 Y-10.947
G1 X26.893 Y-11.045
G1 X26.877 Y-11.145
G1 X26.86 Y-11.244
G1 X26.842 Y-11.342
G1 X26.823 Y-11.438
G1 X26.801 Y-11.531
G1 X26.774 Y-11.619
G1 X26.742 Y-11.701
G1 X26.689 Y-11.817
G1 X26.632 Y-11.921
G1 X26.573 Y-12.015
G1 X26.512 Y-12.098
G1 X26.449 Y-12.171
G1 X26.383 Y-12.235
G1 X26.315 Y-12.288
G1 X26.244 Y-12.333
G1 X26.171 Y-12.368
G1 X26.096 Y-12.395
G1 X26.019 Y-12.413
G1 X25.939 Y-12.424
G1 X25.857 Y-12.426
G1 X25.774 Y-12.421
G1 X25.688 Y-12.409
G1 X25.599 Y-12.39
G1 X25.509 Y-12.364
G1 X25.417 Y-12.332
G1 X25.322 Y-12.293
G1 X25.227 Y-12.249
G1 X25.128 Y-12.2
G1 X25.028 Y-12.145
G1 X24.872 Y-12.051
G1 X24.726 Y-11.953
G1 X24.589 Y-11.851
G1 X24.46 Y-11.745
G1 X24.337 Y-11.635
G1 X24.22 Y-11.521
G1 X24.11 Y-11.403
G1 X24.002 Y-11.282
G1 X23.899 Y-11.157
G1 X23.798 Y-11.03
G1 X23.699 Y-10.899
G1 X23.6 Y-10.765
G1 X23.502 Y-10.629
G1 X23.402 Y-10.49
G1 X23.299 Y-10.349
G1 X23.195 Y-10.206
G1 X23.086 Y-10.06
G1 X22.973 Y-9.913
G1 X22.741 Y-9.61
G1 X22.518 Y-9.312
G1 X22.304 Y-9.017
G1 X22.099 Y-8.723
G1 X21.904 Y-8.431
G1 X21.715 Y-8.138
G1 X21.534 Y-7.845
G1 X21.36 Y-7.55
G1 X21.192 Y-7.252
G1 X21.031 Y-6.951
G1 X20.875 Y-6.645
G1 X20.724 Y-6.334
G1 X20.578 Y-6.017
G1 X20.436 Y-5.692
G1 X20.298 Y-5.359
G1 X20.163 Y-5.016
G1 X20.031 Y-4.664
G1 X19.988 Y-4.547
G1 X19.949 Y-4.439
G1 X19.914 Y-4.338
G1 X19.88 Y-4.242
G1 X19.848 Y-4.15
G1 X19.816 Y-4.06
G1 X19.785 Y-3.971
G1 X19.752 Y-3.88
G1 X19.718 Y-3.787
G1 X19.682 Y-3.689
G1 X19.642 Y-3.585
G1 X19.598 Y-3.473
G1 X19.549 Y-3.352
G1 X19.499 Y-3.226
G1 X19.455 Y-3.11
G1 X19.418 Y-3.002
G1 X19.385 Y-2.901
G1 X19.358 Y-2.806
G1 X19.337 Y-2.715
G1 X19.319 Y-2.628
G1 X19.306 Y-2.543
G1 X19.297 Y-2.459
G1 X19.293 Y-2.375
G1 X19.291 Y-2.289
G1 X19.294 Y-2.201
G1 X19.299 Y-2.11
G1 X19.306 Y-2.013
G1 X19.316 Y-1.911
G1 X19.329 Y-1.801
G1 X19.348 Y-1.677
G1 X19.376 Y-1.547
G1 X19.415 Y-1.414
G1 X19.462 Y-1.277
G1 X19.517 Y-1.137
G1 X19.581 Y-0.996
G1 X19.653 Y-0.853
G1 X19.731 Y-0.709
G1 X19.816 Y-0.565
G1 X19.908 Y-0.422
G1 X20.005 Y-0.28
G1 X20.108 Y-0.141
G1 X20.216 Y-0.004
G1 X20.329 Y0.13
G1 X20.445 Y0.259
G1 X20.565 Y0.384
G1 X20.689 Y0.503
G1 X20.815 Y0.616
G1 X20.944 Y0.722
G1 X21.075 Y0.821
G1 X21.207 Y0.911
G1 X21.341 Y0.993
G1 X21.475 Y1.065
G1 X21.716 Y1.168
G1 X21.843 Y1.21
G1 X21.978 Y1.249
G1 X22.12 Y1.285
G1 X22.268 Y1.318
G1 X22.421 Y1.349
G1 X22.579 Y1.377
G1 X22.74 Y1.403
G1 X22.904 Y1.427
G1 X23.071 Y1.449
G1 X23.238 Y1.469
G1 X23.407 Y1.488
G1 X23.574 Y1.505
G1 X23.741 Y1.522
G1 X23.905 Y1.537
G1 X24.066 Y1.551
G1 X24.224 Y1.565
G1 X24.377 Y1.579
G1 X24.525 Y1.592
G1 X24.666 Y1.605
G1 X24.8 Y1.618
G1 X24.926 Y1.632
G1 X25.044 Y1.646
G1 X25.153 Y1.66
G1 X25.25 Y1.676
G1 X25.445 Y1.714
G1 X25.631 Y1.759
G1 X25.809 Y1.813
G1 X25.98 Y1.874
G1 X26.143 Y1.943
G1 X26.299 Y2.019
G1 X26.449 Y2.102
G1 X26.592 Y2.193
G1 X26.731 Y2.29
G1 X26.864 Y2.394
G1 X26.991 Y2.504
G1 X27.114 Y2.621
G1 X27.233 Y2.744
G1 X27.348 Y2.873
G1 X27.459 Y3.008
G1 X27.567 Y3.149
G1 X27.674 Y3.295
G1 X27.777 Y3.447
G1 X27.843 Y3.544
G1 X27.907 Y3.635
G1 X27.969 Y3.723
G1 X28.031 Y3.806
G1 X28.09 Y3.887
G1 X28.147 Y3.966
G1 X28.2 Y4.043
G1 X28.252 Y4.12
G1 X28.299 Y4.197
G1 X28.342 Y4.274
G1 X28.381 Y4.352
G1 X28.416 Y4.432
G1 X28.446 Y4.515
G1 X28.471 Y4.602
G1 X28.491 Y4.692
G1 X28.503 Y4.787
G1 X28.51 Y4.887
G1 X28.511 Y4.994
G1 X28.504 Y5.107
G1 X28.491 Y5.227
G1 X28.468 Y5.356
G1 X28.426 Y5.563
G1 X28.379 Y5.76
G1 X28.329 Y5.949
G1 X28.274 Y6.13
G1 X28.214 Y6.304
G1 X28.152 Y6.473
G1 X28.084 Y6.636
G1 X28.014 Y6.794
G1 X27.938 Y6.949
G1 X27.859 Y7.102
G1 X27.776 Y7.252
G1 X27.689 Y7.4
G1 X27.598 Y7.549
G1 X27.502 Y7.697
G1 X27.402 Y7.847
G1 X27.299 Y7.999
G1 X27.192 Y8.154
G1 X27.08 Y8.312
G1 X26.965 Y8.474
G1 X26.845 Y8.642
G1 X26.722 Y8.815
G1 X26.656 Y8.906
G1 X26.583 Y9.004
G1 X26.504 Y9.109
G1 X26.418 Y9.221
G1 X26.326 Y9.338
G1 X26.228 Y9.461
G1 X26.125 Y9.59
G1 X26.017 Y9.723
G1 X25.904 Y9.861
G1 X25.787 Y10.004
G1 X25.666 Y10.15
G1 X25.542 Y10.299
G1 X25.414 Y10.452
G1 X25.283 Y10.608
G1 X25.149 Y10.766
G1 X25.014 Y10.925
G1 X24.877 Y11.087
G1 X24.738 Y11.25
G1 X24.598 Y11.413
G1 X24.457 Y11.578
G1 X24.317 Y11.742
G1 X24.175 Y11.906
G1 X24.034 Y12.07
G1 X23.894 Y12.232
G1 X23.755 Y12.393
G1 X23.617 Y12.553
G1 X23.481 Y12.71
G1 X23.346 Y12.865
G1 X23.215 Y13.018
G1 X23.086 Y13.167
G1 X22.96 Y13.312
G1 X22.838 Y13.454
G1 X22.72 Y13.591
G1 X22.605 Y13.723
G1 X22.496 Y13.851
G1 X22.392 Y13.973
G1 X22.291 Y14.089
G1 X22.198 Y14.2
G1 X22.11 Y14.303
G1 X22.028 Y14.4
G1 X21.953 Y14.49
G1 X21.885 Y14.572
G1 X21.825 Y14.646
G1 X21.772 Y14.711
G1 X21.718 Y14.78
M5
G0 X-45.928 Y46.271
M3
G1 X-45.793 Y46.262
G1 X-45.669 Y46.251
G1 X-45.554 Y46.237
G1 X-45.448 Y46.221
G1 X-45.35 Y46.202
G1 X-45.259 Y46.181
G1 X-45.175 Y46.158
G1 X-45.097 Y46.132
G1 X-45.024 Y46.105
G1 X-44.955 Y46.076
G1 X-44.89 Y46.046
G1 X-44.826 Y46.013
G1 X-44.765 Y45.98
G1 X-44.704 Y45.945
G1 X-44.644 Y45.909
G1 X-44.582 Y45.871
G1 X-44.52 Y45.833
G1 X-44.455 Y45.794
M5
G0 X78.974 Y46.152
M3
G1 X78.995 Y46.079
G1 X79.018 Y46.003
G1 X79.044 Y45.924
G1 X79.073 Y45.843
G1 X79.104 Y45.76
G1 X79.136 Y45.678
G1 X79.17 Y45.596
G1 X79.205 Y45.516
G1 X79.241 Y45.438
G1 X79.278 Y45.364
G1 X79.315 Y45.294
G1 X79.353 Y45.229
G1 X79.391 Y45.17
G1 X79.429 Y45.118
G1 X79.466 Y45.073
G1 X79.501 Y45.037
G1 X79.536 Y45.011
G1 X79.569 Y44.995
G1 X79.64 Y44.974
G1 X79.704 Y44.956
G1 X79.763 Y44.942
G1 X79.817 Y44.93
G1 X79.868 Y44.921
G1 X79.916 Y44.913
G1 X79.961 Y44.908
G1 X80.003 Y44.903
G1 X80.046 Y44.9
G1 X80.087 Y44.897
G1 X80.128 Y44.894
G1 X80.171 Y44.891
G1 X80.214 Y44.887
G1 X80.259 Y44.882
G1 X80.308 Y44.876
G1 X80.36 Y44.868
G1 X80.415 Y44.858
G1 X80.476 Y44.845
G1 X80.542 Y44.829
G1 X80.614 Y44.81
G1 X80.692 Y44.787
G1 X80.777 Y44.76
G1 X80.871 Y44.729
G1 X80.973 Y44.692
G1 X81.085 Y44.651
G1 X81.258 Y44.583
G1 X81.325 Y44.557
G1 X81.402 Y44.528
G1 X81.488 Y44.498
G1 X81.583 Y44.465
G1 X81.684 Y44.431
G1 X81.793 Y44.396
G1 X81.907 Y44.359
G1 X82.026 Y44.322
G1 X82.15 Y44.283
G1 X82.277 Y44.244
G1 X82.407 Y44.205
G1 X82.538 Y44.165
G1 X82.671 Y44.125
G1 X82.803 Y44.086
G1 X82.935 Y44.047
G1 X83.066 Y44.008
G1 X83.194 Y43.971
G1 X83.318 Y43.934
G1 X83.439 Y43.899
G1 X83.556 Y43.865
G1 X83.666 Y43.833
G1 X83.771 Y43.803
G1 X83.868 Y43.776
G1 X83.957 Y43.75
G1 X84.037 Y43.727
G1 X84.107 Y43.707
G1 X84.2 Y43.68
G1 X84.283 Y43.654
G1 X84.357 Y43.626
G1 X84.426 Y43.597
G1 X84.487 Y43.567
G1 X84.545 Y43.535
G1 X84.599 Y43.503
G1 X84.649 Y43.47
G1 X84.698 Y43.436
G1 X84.745 Y43.403
G1 X84.792 Y43.369
G1 X84.84 Y43.336
G1 X84.889 Y43.304
G1 X84.941 Y43.272
G1 X84.997 Y43.241
G1 X85.058 Y43.211
G1 X85.123 Y43.182
G1 X85.195 Y43.155
G1 X85.275 Y43.13
G1 X85.362 Y43.107
G1 X85.458 Y43.086
G1 X85.566 Y43.068
G1 X85.661 Y43.056
G1 X85.765 Y43.046
G1 X85.877 Y43.039
G1 X85.995 Y43.034
G1 X86.12 Y43.031
G1 X86.251 Y43.031
G1 X86.388 Y43.033
G1 X86.528 Y43.036
G1 X86.672 Y43.041
G1 X86.819 Y43.048
G1 X86.967 Y43.056
G1 X87.117 Y43.065
G1 X87.267 Y43.076
G1 X87.417 Y43.087
G1 X87.567 Y43.1
G1 X87.714 Y43.113
G1 X87.86 Y43.127
G1 X88.002 Y43.141
G1 X88.139 Y43.156
G1 X88.273 Y43.171
G1 X88.401 Y43.186
G1 X88.522 Y43.2
G1 X88.638 Y43.215
G1 X88.745 Y43.23
G1 X88.844 Y43.244
G1 X88.934 Y43.257
G1 X89.014 Y43.269
G1 X89.125 Y43.289
M5
G0 X39.661 Y45.555
M3
G1 X39.591 Y45.293
G1 X39.517 Y45.04
G1 X39.44 Y44.797
G1 X39.358 Y44.561
G1 X39.274 Y44.331
G1 X39.185 Y44.108
G1 X39.092 Y43.889
G1 X38.995 Y43.674
G1 X38.893 Y43.462
G1 X38.785 Y43.251
G1 X38.672 Y43.041
G1 X38.555 Y42.83
G1 X38.431 Y42.619
G1 X38.302 Y42.405
G1 X38.167 Y42.187
G1 X38.026 Y41.965
G1 X37.877 Y41.738
G1 X37.718 Y41.506
G1 X37.549 Y41.282
G1 X37.374 Y41.064
G1 X37.193 Y40.853
G1 X37.005 Y40.648
G1 X36.812 Y40.447
G1 X36.615 Y40.251
G1 X36.414 Y40.058
G1 X36.21 Y39.868
G1 X36.004 Y39.68
G1 X35.797 Y39.493
G1 X35.588 Y39.307
G1 X35.379 Y39.121
G1 X35.172 Y38.934
G1 X34.965 Y38.745
G1 X34.761 Y38.555
G1 X34.559 Y38.361
G1 X34.361 Y38.164
G1 X34.167 Y37.962
G1 X33.978 Y37.756
G1 X33.795 Y37.543
G1 X33.619 Y37.324
G1 X33.446 Y37.098
G1 X33.285 Y36.876
G1 X33.134 Y36.657
G1 X32.992 Y36.441
G1 X32.86 Y36.229
G1 X32.739 Y36.021
G1 X32.626 Y35.817
G1 X32.524 Y35.617
G1 X32.431 Y35.421
G1 X32.347 Y35.23
G1 X32.272 Y35.044
G1 X32.206 Y34.863
G1 X32.148 Y34.687
G1 X32.1 Y34.516
G1 X32.061 Y34.35
G1 X32.03 Y34.19
G1 X32.007 Y34.036
G1 X31.993 Y33.888
G1 X31.987 Y33.746
M5
G0 X9.395 Y45.197
M3
G1 X9.392 Y44.976
G1 X9.384 Y44.765
G1 X9.371 Y44.563
G1 X9.354 Y44.37
G1 X9.333 Y44.185
G1 X9.309 Y44.008
G1 X9.282 Y43.836
G1 X9.252 Y43.671
G1 X9.221 Y43.51
G1 X9.188 Y43.354
G1 X9.154 Y43.201
G1 X9.12 Y43.051
G1 X9.086 Y42.902
G1 X9.05 Y42.755
G1 X9.017 Y42.608
G1 X8.985 Y42.461
G1 X8.954 Y42.313
G1 X8.926 Y42.163
G1 X8.9 Y42.01
G1 X8.877 Y41.853
G1 X8.858 Y41.693
G1 X8.843 Y41.527
G1 X8.832 Y41.356
G1 X8.826 Y41.178
G1 X8.826 Y40.993
G1 X8.838 Y40.665
G1 X8.855 Y40.404
G1 X8.872 Y40.147
G1 X8.886 Y39.893
G1 X8.898 Y39.641
G1 X8.905 Y39.39
G1 X8.906 Y39.14
G1 X8.9 Y38.889
G1 X8.886 Y38.637
G1 X8.868 Y38.421
G1 X8.846 Y38.201
G1 X8.822 Y37.975
G1 X8.796 Y37.745
G1 X8.768 Y37.511
G1 X8.739 Y37.274
G1 X8.709 Y37.033
G1 X8.679 Y36.791
G1 X8.651 Y36.546
G1 X8.622 Y36.299
G1 X8.596 Y36.052
G1 X8.571 Y35.803
G1 X8.549 Y35.555
G1 X8.53 Y35.307
G1 X8.515 Y35.06
G1 X8.504 Y34.814
G1 X8.498 Y34.57
G1 X8.497 Y34.329
G1 X8.502 Y34.09
G1 X8.513 Y33.854
G1 X8.53 Y33.622
G1 X8.556 Y33.394
G1 X8.59 Y33.17
G1 X8.632 Y32.952
G1 X8.701 Y32.672
M5
G0 X64.811 Y23.965
M3
G1 X64.837 Y23.845
G1 X64.87 Y23.718
G1 X64.91 Y23.583
G1 X64.955 Y23.441
G1 X65.006 Y23.293
G1 X65.063 Y23.14
G1 X65.121 Y22.982
G1 X65.183 Y22.821
G1 X65.249 Y22.656
G1 X65.314 Y22.49
G1 X65.381 Y22.322
G1 X65.449 Y22.153
G1 X65.515 Y21.985
G1 X65.579 Y21.817
G1 X65.615 Y21.726
G1 X65.656 Y21.629
G1 X65.7 Y21.526
G1 X65.747 Y21.421
G1 X65.795 Y21.313
G1 X65.844 Y21.204
G1 X65.893 Y21.097
G1 X65.941 Y20.992
G1 X65.987 Y20.891
G1 X66.031 Y20.795
G1 X66.07 Y20.706
G1 X66.106 Y20.625
G1 X66.132 Y20.567
G1 X66.158 Y20.515
G1 X66.185 Y20.467
G1 X66.211 Y20.423
G1 X66.237 Y20.381
G1 X66.261 Y20.34
G1 X66.284 Y20.299
G1 X66.305 Y20.258
G1 X66.322 Y20.216
G1 X66.336 Y20.171
G1 X66.346 Y20.123
G1 X66.352 Y20.071
G1 X66.353 Y20.014
G1 X66.348 Y19.951
G1 X66.337 Y19.881
G1 X66.32 Y19.802
G1 X66.311 Y19.786
G1 X66.293 Y19.766
G1 X66.265 Y19.742
G1 X66.227 Y19.714
G1 X66.182 Y19.683
G1 X66.129 Y19.648
G1 X66.069 Y19.612
G1 X66.003 Y19.573
G1 X65.93 Y19.532
G1 X65.852 Y19.49
G1 X65.77 Y19.446
G1 X65.683 Y19.402
G1 X65.592 Y19.358
G1 X65.498 Y19.313
G1 X65.403 Y19.269
G1 X65.305 Y19.225
G1 X65.206 Y19.182
G1 X65.106 Y19.141
G1 X65.007 Y19.101
G1 X64.908 Y19.064
G1 X64.81 Y19.028
G1 X64.714 Y18.996
G1 X64.62 Y18.967
G1 X64.529 Y18.941
G1 X64.418 Y18.914
G1 X64.087 Y18.847
G1 X63.755 Y18.792
G1 X63.42 Y18.749
G1 X63.082 Y18.717
G1 X62.744 Y18.696
G1 X62.405 Y18.686
G1 X62.065 Y18.687
G1 X61.724 Y18.699
G1 X61.382 Y18.721
G1 X61.041 Y18.754
G1 X60.7 Y18.797
G1 X60.359 Y18.851
G1 X60.019 Y18.914
G1 X59.68 Y18.986
G1 X59.343 Y19.069
G1 X59.007 Y19.161
G1 X58.673 Y19.262
G1 X58.34 Y19.372
G1 X58.011 Y19.491
G1 X57.684 Y19.619
G1 X57.36 Y19.755
G1 X57.039 Y19.9
G1 X56.722 Y20.053
G1 X56.408 Y20.214
G1 X56.098 Y20.383
G1 X55.793 Y20.56
G1 X55.428 Y20.785
G1 X55.132 Y20.98
G1 X54.842 Y21.185
G1 X54.555 Y21.401
G1 X54.273 Y21.626
G1 X53.996 Y21.861
G1 X53.724 Y22.105
G1 X53.457 Y22.357
G1 X53.196 Y22.617
G1 X52.941 Y22.884
G1 X52.691 Y23.159
G1 X52.448 Y23.441
G1 X52.212 Y23.729
G1 X51.982 Y24.022
G1 X51.76 Y24.322
G1 X51.545 Y24.626
G1 X51.337 Y24.935
G1 X51.138 Y25.248
G1 X50.946 Y25.564
G1 X50.763 Y25.884
G1 X50.588 Y26.207
G1 X50.423 Y26.533
G1 X50.266 Y26.86
G1 X50.119 Y27.189
G1 X49.981 Y27.52
G1 X49.853 Y27.851
G1 X49.735 Y28.182
G1 X49.628 Y28.513
G1 X49.529 Y28.855
G1 X49.492 Y28.993
G1 X49.457 Y29.14
G1 X49.422 Y29.295
G1 X49.388 Y29.457
G1 X49.355 Y29.626
G1 X49.323 Y29.8
G1 X49.292 Y29.978
G1 X49.263 Y30.159
G1 X49.235 Y30.342
G1 X49.21 Y30.526
G1 X49.186 Y30.71
G1 X49.164 Y30.893
G1 X49.144 Y31.073
G1 X49.128 Y31.251
G1 X49.113 Y31.424
G1 X49.101 Y31.592
G1 X49.092 Y31.753
G1 X49.085 Y31.907
G1 X49.082 Y32.053
G1 X49.082 Y32.189
G1 X49.086 Y32.315
G1 X49.102 Y32.687
G1 X49.123 Y33.063
G1 X49.147 Y33.441
G1 X49.175 Y33.824
G1 X49.206 Y34.212
G1 X49.242 Y34.606
G1 X49.282 Y35.007
G1 X49.329 Y35.416
G1 X49.36 Y35.661
G1 X49.398 Y35.906
G1 X49.439 Y36.15
G1 X49.484 Y36.393
G1 X49.532 Y36.637
G1 X49.58 Y36.88
G1 X49.629 Y37.123
G1 X49.677 Y37.367
G1 X49.722 Y37.611
G1 X49.765 Y37.855
G1 X49.805 Y38.1
G1 X49.838 Y38.346
G1 X49.866 Y38.592
G1 X49.886 Y38.84
G1 X49.898 Y39.089
G1 X49.901 Y39.339
G1 X49.894 Y39.591
G1 X49.881 Y39.757
G1 X49.858 Y39.918
G1 X49.825 Y40.076
G1 X49.784 Y40.23
G1 X49.735 Y40.381
G1 X49.678 Y40.528
G1 X49.615 Y40.672
G1 X49.544 Y40.813
G1 X49.467 Y40.951
G1 X49.385 Y41.087
G1 X49.299 Y41.22
G1 X49.206 Y41.351
G1 X49.11 Y41.479
G1 X49.011 Y41.606
G1 X48.908 Y41.732
G1 X48.802 Y41.855
G1 X48.694 Y41.978
G1 X48.585 Y42.099
G1 X48.474 Y42.219
G1 X48.363 Y42.338
G1 X48.251 Y42.457
G1 X48.14 Y42.575
G1 X48.03 Y42.694
G1 X47.92 Y42.812
G1 X47.858 Y42.883
G1 X47.796 Y42.958
G1 X47.736 Y43.036
G1 X47.678 Y43.117
G1 X47.623 Y43.2
G1 X47.572 Y43.286
G1 X47.525 Y43.373
G1 X47.483 Y43.461
G1 X47.446 Y43.55
G1 X47.415 Y43.639
G1 X47.39 Y43.728
G1 X47.374 Y43.817
G1 X47.364 Y43.904
G1 X47.363 Y43.991
G1 X47.371 Y44.075
G1 X47.389 Y44.157
G1 X47.417 Y44.237
G1 X47.467 Y44.344
G1 X47.526 Y44.441
G1 X47.591 Y44.529
G1 X47.662 Y44.608
G1 X47.738 Y44.678
G1 X47.821 Y44.739
G1 X47.908 Y44.792
G1 X48.0 Y44.837
G1 X48.096 Y44.875
G1 X48.196 Y44.905
G1 X48.299 Y44.929
G1 X48.406 Y44.945
G1 X48.514 Y44.956
G1 X48.626 Y44.96
G1 X48.739 Y44.959
G1 X48.853 Y44.952
G1 X48.968 Y44.94
G1 X49.085 Y44.923
G1 X49.201 Y44.902
G1 X49.317 Y44.877
G1 X49.432 Y44.848
G1 X49.547 Y44.815
G1 X49.66 Y44.779
G1 X49.773 Y44.74
G1 X49.882 Y44.699
G1 X49.989 Y44.655
G1 X50.093 Y44.609
G1 X50.194 Y44.562
G1 X50.373 Y44.469
G1 X50.552 Y44.365
G1 X50.727 Y44.252
G1 X50.9 Y44.129
G1 X51.07 Y43.999
G1 X51.236 Y43.86
G1 X51.398 Y43.714
G1 X51.557 Y43.562
G1 X51.711 Y43.404
G1 X51.861 Y43.24
G1 X52.007 Y43.071
G1 X52.147 Y42.898
G1 X52.283 Y42.722
G1 X52.414 Y42.542
G1 X52.54 Y42.36
G1 X52.66 Y42.176
G1 X52.775 Y41.991
G1 X52.884 Y41.805
G1 X52.987 Y41.619
G1 X53.097 Y41.401
G1 X53.198 Y41.181
G1 X53.289 Y40.96
G1 X53.373 Y40.737
G1 X53.449 Y40.515
G1 X53.52 Y40.294
G1 X53.585 Y40.075
G1 X53.645 Y39.858
G1 X53.703 Y39.645
G1 X53.758 Y39.436
G1 X53.812 Y39.233
G1 X53.87 Y39.001
G1 X53.92 Y38.778
G1 X53.964 Y38.563
G1 X54.001 Y38.355
G1 X54.032 Y38.154
G1 X54.057 Y37.959
G1 X54.077 Y37.768
G1 X54.091 Y37.583
G1 X54.102 Y37.401
G1 X54.109 Y37.222
G1 X54.113 Y37.046
G1 X54.114 Y36.872
G1 X54.113 Y36.698
G1 X54.11 Y36.525
G1 X54.107 Y36.352
G1 X54.102 Y36.177
G1 X54.098 Y36.001
G1 X54.094 Y35.822
G1 X54.091 Y35.641
G1 X54.089 Y35.455
G1 X54.089 Y35.265
G1 X54.092 Y35.069
G1 X54.097 Y34.868
G1 X54.107 Y34.66
G1 X54.119 Y34.445
G1 X54.137 Y34.222
G1 X54.16 Y33.985
G1 X54.192 Y33.735
G1 X54.234 Y33.483
G1 X54.286 Y33.228
G1 X54.348 Y32.971
G1 X54.42 Y32.712
G1 X54.501 Y32.453
G1 X54.59 Y32.193
G1 X54.688 Y31.934
G1 X54.795 Y31.675
G1 X54.908 Y31.419
G1 X55.029 Y31.165
G1 X55.157 Y30.913
G1 X55.292 Y30.665
G1 X55.433 Y30.422
G1 X55.581 Y30.183
G1 X55.734 Y29.949
G1 X55.892 Y29.722
G1 X56.055 Y29.501
G1 X56.223 Y29.287
G1 X56.395 Y29.081
G1 X56.57 Y28.884
G1 X56.749 Y28.696
G1 X56.932 Y28.518
G1 X57.095 Y28.371
G1 X57.262 Y28.233
G1 X57.434 Y28.102
G1 X57.611 Y27.979
G1 X57.792 Y27.864
G1 X57.977 Y27.758
G1 X58.166 Y27.66
G1 X58.359 Y27.57
G1 X58.555 Y27.49
G1 X58.753 Y27.418
G1 X58.954 Y27.356
G1 X59.157 Y27.303
G1 X59.362 Y27.26
G1 X59.569 Y27.226
G1 X59.777 Y27.203
G1 X59.986 Y27.189
G1 X60.196 Y27.185
G1 X60.406 Y27.192
G1 X60.617 Y27.209
G1 X60.827 Y27.238
G1 X61.079 Y27.283
G1 X61.329 Y27.338
G1 X61.579 Y27.403
G1 X61.827 Y27.477
G1 X62.073 Y27.561
G1 X62.316 Y27.654
G1 X62.556 Y27.755
G1 X62.792 Y27.865
G1 X63.025 Y27.983
G1 X63.254 Y28.109
G1 X63.477 Y28.243
G1 X63.696 Y28.385
G1 X63.908 Y28.534
G1 X64.114 Y28.69
G1 X64.314 Y28.853
G1 X64.507 Y29.023
G1 X64.692 Y29.199
G1 X64.869 Y29.381
G1 X65.038 Y29.57
G1 X65.198 Y29.763
G1 X65.349 Y29.963
G1 X65.49 Y30.167
G1 X65.654 Y30.426
G1 X65.807 Y30.685
G1 X65.95 Y30.946
G1 X66.083 Y31.209
G1 X66.206 Y31.474
G1 X66.321 Y31.741
G1 X66.427 Y32.012
G1 X66.526 Y32.286
G1 X66.617 Y32.564
G1 X66.701 Y32.847
G1 X66.779 Y33.135
G1 X66.85 Y33.428
G1 X66.917 Y33.726
G1 X66.98 Y34.031
G1 X67.036 Y34.342
G1 X67.078 Y34.606
G1 X67.115 Y34.878
G1 X67.143 Y35.157
G1 X67.166 Y35.441
G1 X67.184 Y35.73
G1 X67.196 Y36.021
G1 X67.203 Y36.313
G1 X67.205 Y36.605
G1 X67.203 Y36.896
G1 X67.197 Y37.184
G1 X67.187 Y37.467
G1 X67.173 Y37.745
G1 X67.157 Y38.016
G1 X67.137 Y38.279
G1 X67.117 Y38.472
G1 X67.088 Y38.665
G1 X67.054 Y38.86
G1 X67.016 Y39.058
G1 X66.975 Y39.261
G1 X66.934 Y39.472
G1 X66.873 Y39.808
G1 X66.817 Y40.137
G1 X66.766 Y40.457
G1 X66.72 Y40.771
G1 X66.678 Y41.079
G1 X66.641 Y41.382
G1 X66.606 Y41.681
G1 X66.575 Y41.977
G1 X66.562 Y42.097
G1 X66.547 Y42.208
G1 X66.532 Y42.309
G1 X66.515 Y42.403
G1 X66.498 Y42.49
G1 X66.479 Y42.571
G1 X66.458 Y42.647
G1 X66.437 Y42.719
G1 X66.414 Y42.788
G1 X66.39 Y42.855
G1 X66.364 Y42.922
G1 X66.337 Y42.988
G1 X66.309 Y43.056
G1 X66.279 Y43.126
G1 X66.249 Y43.199
G1 X66.216 Y43.276
G1 X66.182 Y43.358
G1 X66.147 Y43.447
G1 X66.109 Y43.543
G1 X66.071 Y43.647
M5
G0 X79.317 Y44.959
M3
G1 X79.334 Y44.839
G1 X79.352 Y44.723
G1 X79.374 Y44.612
G1 X79.397 Y44.504
G1 X79.425 Y44.399
G1 X79.456 Y44.299
G1 X79.491 Y44.202
G1 X79.531 Y44.109
G1 X79.576 Y44.02
G1 X79.626 Y43.933
G1 X79.683 Y43.851
G1 X79.745 Y43.771
G1 X79.814 Y43.695
G1 X79.89 Y43.623
G1 X79.975 Y43.553
G1 X80.066 Y43.486
G1 X80.167 Y43.423
G1 X80.277 Y43.362
G1 X80.396 Y43.305
G1 X80.525 Y43.25
G1 X80.664 Y43.198
G1 X80.751 Y43.169
G1 X80.849 Y43.14
G1 X80.957 Y43.111
G1 X81.075 Y43.081
G1 X81.202 Y43.051
G1 X81.335 Y43.022
G1 X81.475 Y42.992
G1 X81.621 Y42.963
G1 X81.772 Y42.934
G1 X81.926 Y42.906
G1 X82.084 Y42.879
G1 X82.243 Y42.853
G1 X82.404 Y42.827
G1 X82.565 Y42.803
G1 X82.725 Y42.78
G1 X82.884 Y42.758
G1 X83.04 Y42.738
G1 X83.193 Y42.719
G1 X83.342 Y42.702
G1 X83.485 Y42.688
G1 X83.622 Y42.675
G1 X83.752 Y42.664
G1 X83.874 Y42.656
G1 X83.988 Y42.65
G1 X84.171 Y42.646
G1 X84.276 Y42.65
G1 X84.371 Y42.658
G1 X84.457 Y42.672
G1 X84.535 Y42.691
G1 X84.606 Y42.713
G1 X84.67 Y42.739
G1 X84.728 Y42.768
G1 X84.783 Y42.799
G1 X84.832 Y42.833
G1 X84.879 Y42.868
G1 X84.922 Y42.904
G1 X84.964 Y42.941
G1 X85.006 Y42.978
G1 X85.048 Y43.015
G1 X85.091 Y43.05
M5
G0 X-37.889 Y44.362
M3
G1 X-37.712 Y44.345
G1 X-37.526 Y44.321
G1 X-37.331 Y44.29
G1 X-37.128 Y44.253
G1 X-36.918 Y44.21
G1 X-36.702 Y44.163
G1 X-36.48 Y44.112
G1 X-36.254 Y44.058
G1 X-36.023 Y44.0
G1 X-35.788 Y43.94
G1 X-35.551 Y43.878
G1 X-35.311 Y43.815
G1 X-35.07 Y43.752
G1 X-34.827 Y43.689
G1 X-34.586 Y43.626
G1 X-34.344 Y43.564
G1 X-34.103 Y43.505
G1 X-33.865 Y43.447
G1 X-33.629 Y43.393
G1 X-33.398 Y43.342
G1 X-33.169 Y43.296
G1 X-32.946 Y43.254
G1 X-32.728 Y43.218
G1 X-32.417 Y43.175
G1 X-32.077 Y43.13
G1 X-31.736 Y43.073
G1 X-31.394 Y43.005
G1 X-31.05 Y42.925
G1 X-30.706 Y42.834
G1 X-30.362 Y42.733
G1 X-30.017 Y42.621
G1 X-29.672 Y42.499
G1 X-29.328 Y42.367
G1 X-28.984 Y42.225
G1 X-28.642 Y42.073
G1 X-28.301 Y41.912
G1 X-27.961 Y41.743
G1 X-27.624 Y41.564
G1 X-27.289 Y41.377
G1 X-26.957 Y41.182
G1 X-26.628 Y40.978
G1 X-26.302 Y40.767
G1 X-25.98 Y40.549
G1 X-25.661 Y40.322
G1 X-25.347 Y40.089
G1 X-25.037 Y39.849
G1 X-24.733 Y39.603
G1 X-24.434 Y39.35
G1 X-24.139 Y39.091
G1 X-23.851 Y38.826
G1 X-23.569 Y38.556
G1 X-23.293 Y38.28
G1 X-23.024 Y37.999
G1 X-22.763 Y37.714
G1 X-22.508 Y37.423
G1 X-22.261 Y37.129
G1 X-22.022 Y36.83
G1 X-21.792 Y36.527
G1 X-21.57 Y36.221
G1 X-21.358 Y35.911
G1 X-21.153 Y35.598
G1 X-20.96 Y35.282
G1 X-20.776 Y34.964
G1 X-20.602 Y34.643
G1 X-20.439 Y34.32
G1 X-20.286 Y33.995
G1 X-20.079 Y33.507
G1 X-20.008 Y33.316
G1 X-19.941 Y33.12
G1 X-19.88 Y32.917
G1 X-19.825 Y32.71
G1 X-19.776 Y32.498
G1 X-19.734 Y32.283
G1 X-19.698 Y32.064
G1 X-19.67 Y31.844
G1 X-19.649 Y31.621
G1 X-19.636 Y31.397
G1 X-19.63 Y31.172
G1 X-19.633 Y30.947
G1 X-19.644 Y30.722
G1 X-19.663 Y30.499
G1 X-19.693 Y30.277
G1 X-19.731 Y30.057
G1 X-19.779 Y29.84
G1 X-19.836 Y29.627
G1 X-19.905 Y29.418
G1 X-19.983 Y29.213
M5
G0 X73.828 Y38.16
M3
G1 X74.03 Y38.142
G1 X74.243 Y38.12
G1 X74.466 Y38.094
G1 X74.698 Y38.065
G1 X74.939 Y38.033
G1 X75.187 Y37.998
G1 X75.442 Y37.961
G1 X75.704 Y37.922
G1 X75.972 Y37.882
G1 X76.245 Y37.84
G1 X76.522 Y37.799
G1 X76.804 Y37.756
G1 X77.087 Y37.715
G1 X77.181 Y37.702
G1 X77.27 Y37.692
G1 X77.358 Y37.683
G1 X77.444 Y37.674
G1 X77.528 Y37.664
G1 X77.61 Y37.651
G1 X77.69 Y37.636
G1 X77.77 Y37.616
G1 X77.849 Y37.59
G1 X77.927 Y37.559
G1 X78.006 Y37.519
G1 X78.084 Y37.472
G1 X78.162 Y37.414
G1 X78.241 Y37.346
G1 X78.292 Y37.291
G1 X78.337 Y37.227
G1 X78.375 Y37.157
G1 X78.407 Y37.08
G1 X78.432 Y36.997
G1 X78.452 Y36.909
G1 X78.467 Y36.817
G1 X78.477 Y36.72
G1 X78.483 Y36.619
G1 X78.485 Y36.516
G1 X78.484 Y36.41
G1 X78.478 Y36.303
G1 X78.47 Y36.194
G1 X78.461 Y36.085
G1 X78.45 Y35.976
G1 X78.436 Y35.868
G1 X78.421 Y35.761
G1 X78.406 Y35.655
G1 X78.391 Y35.553
G1 X78.374 Y35.453
G1 X78.36 Y35.357
G1 X78.345 Y35.265
G1 X78.332 Y35.177
G1 X78.316 Y35.067
G1 X78.299 Y34.96
G1 X78.283 Y34.856
G1 X78.265 Y34.756
G1 X78.246 Y34.66
G1 X78.225 Y34.568
G1 X78.201 Y34.481
G1 X78.174 Y34.399
G1 X78.145 Y34.321
G1 X78.112 Y34.25
G1 X78.073 Y34.184
G1 X78.031 Y34.124
G1 X77.982 Y34.07
G1 X77.928 Y34.023
G1 X77.869 Y33.983
G1 X77.802 Y33.95
G1 X77.728 Y33.924
G1 X77.647 Y33.907
G1 X77.545 Y33.896
G1 X77.44 Y33.893
G1 X77.33 Y33.898
G1 X77.219 Y33.909
G1 X77.108 Y33.924
G1 X76.996 Y33.943
G1 X76.887 Y33.963
G1 X76.779 Y33.985
G1 X76.675 Y34.005
G1 X76.575 Y34.023
G1 X76.375 Y34.057
G1 X76.185 Y34.089
G1 X76.002 Y34.12
G1 X75.824 Y34.149
G1 X75.654 Y34.177
G1 X75.485 Y34.205
G1 X75.321 Y34.233
G1 X75.158 Y34.261
G1 X74.995 Y34.29
G1 X74.83 Y34.319
G1 X74.664 Y34.35
G1 X74.494 Y34.382
G1 X74.319 Y34.417
G1 X74.138 Y34.453
G1 X73.949 Y34.493
G1 X73.752 Y34.535
G1 X73.545 Y34.581
M5
G0 X-6.426 Y29.69
M3
G1 X-6.301 Y29.788
G1 X-6.169 Y29.884
G1 X-6.03 Y29.978
G1 X-5.886 Y30.069
G1 X-5.737 Y30.156
G1 X-5.585 Y30.24
G1 X-5.429 Y30.321
G1 X-5.271 Y30.397
G1 X-5.113 Y30.469
G1 X-4.954 Y30.535
G1 X-4.796 Y30.596
G1 X-4.64 Y30.652
G1 X-4.486 Y30.702
G1 X-4.335 Y30.745
G1 X-4.189 Y30.781
G1 X-4.048 Y30.811
G1 X-3.912 Y30.833
G1 X-3.784 Y30.847
G1 X-3.69 Y30.851
G1 X-3.605 Y30.85
G1 X-3.528 Y30.844
G1 X-3.455 Y30.832
G1 X-3.389 Y30.816
G1 X-3.327 Y30.795
G1 X-3.268 Y30.77
G1 X-3.211 Y30.742
G1 X-3.155 Y30.71
G1 X-3.099 Y30.675
G1 X-3.041 Y30.637
G1 X-2.982 Y30.597
G1 X-2.919 Y30.556
G1 X-2.852 Y30.512
G1 X-2.78 Y30.467
G1 X-2.701 Y30.422
G1 X-2.615 Y30.376
G1 X-2.519 Y30.329
G1 X-2.414 Y30.283
G1 X-2.298 Y30.238
G1 X-2.237 Y30.217
G1 X-2.165 Y30.196
G1 X-2.082 Y30.175
G1 X-1.991 Y30.155
G1 X-1.891 Y30.134
G1 X-1.786 Y30.114
G1 X-1.673 Y30.094
G1 X-1.554 Y30.075
G1 X-1.431 Y30.055
G1 X-1.306 Y30.036
G1 X-1.176 Y30.017
G1 X-1.044 Y29.998
G1 X-0.913 Y29.98
G1 X-0.78 Y29.962
G1 X-0.649 Y29.944
G1 X-0.518 Y29.926
G1 X-0.391 Y29.909
G1 X-0.265 Y29.892
G1 X-0.145 Y29.876
G1 X-0.03 Y29.86
G1 X0.08 Y29.844
G1 X0.182 Y29.829
G1 X0.278 Y29.814
G1 X0.364 Y29.799
G1 X0.588 Y29.755
G1 X0.813 Y29.7
G1 X1.038 Y29.635
G1 X1.266 Y29.561
G1 X1.494 Y29.48
G1 X1.722 Y29.393
G1 X1.952 Y29.3
G1 X2.181 Y29.203
G1 X2.411 Y29.103
G1 X2.642 Y29.001
G1 X2.872 Y28.899
G1 X3.102 Y28.796
G1 X3.332 Y28.694
G1 X3.561 Y28.595
G1 X3.791 Y28.499
G1 X4.019 Y28.408
G1 X4.247 Y28.323
G1 X4.474 Y28.244
G1 X4.7 Y28.173
G1 X4.925 Y28.111
G1 X5.066 Y28.076
G1 X5.197 Y28.046
G1 X5.32 Y28.021
G1 X5.436 Y28.0
G1 X5.547 Y27.982
G1 X5.651 Y27.968
G1 X5.751 Y27.957
G1 X5.849 Y27.948
G1 X5.943 Y27.942
G1 X6.036 Y27.938
G1 X6.129 Y27.936
G1 X6.222 Y27.934
G1 X6.317 Y27.934
G1 X6.414 Y27.935
G1 X6.514 Y27.936
G1 X6.619 Y27.937
G1 X6.729 Y27.937
G1 X6.845 Y27.937
G1 X6.968 Y27.936
G1 X7.255 Y27.927
G1 X7.536 Y27.911
G1 X7.812 Y27.886
G1 X8.085 Y27.854
G1 X8.354 Y27.814
G1 X8.622 Y27.766
G1 X8.889 Y27.711
G1 X9.155 Y27.648
G1 X9.422 Y27.578
G1 X9.693 Y27.5
G1 X9.965 Y27.416
G1 X10.242 Y27.324
G1 X10.527 Y27.222
G1 X10.804 Y27.112
G1 X11.074 Y26.994
G1 X11.336 Y26.87
G1 X11.593 Y26.738
G1 X11.842 Y26.6
G1 X12.086 Y26.456
G1 X12.325 Y26.306
G1 X12.557 Y26.15
G1 X12.786 Y25.99
G1 X13.01 Y25.824
G1 X13.23 Y25.654
G1 X13.446 Y25.48
G1 X13.658 Y25.302
G1 X13.868 Y25.12
G1 X14.076 Y24.936
G1 X14.281 Y24.748
G1 X14.484 Y24.558
G1 X14.686 Y24.366
G1 X14.887 Y24.172
G1 X15.087 Y23.976
G1 X15.287 Y23.779
G1 X15.486 Y23.582
G1 X15.686 Y23.384
G1 X15.887 Y23.185
G1 X16.089 Y22.987
G1 X16.298 Y22.784
G1 X16.376 Y22.71
G1 X16.457 Y22.637
G1 X16.539 Y22.566
G1 X16.623 Y22.497
G1 X16.71 Y22.432
G1 X16.8 Y22.37
G1 X16.892 Y22.313
G1 X16.987 Y22.26
G1 X17.084 Y22.213
G1 X17.184 Y22.172
G1 X17.288 Y22.137
G1 X17.395 Y22.109
G1 X17.505 Y22.089
G1 X17.62 Y22.077
G1 X17.737 Y22.074
G1 X17.858 Y22.08
G1 X17.997 Y22.098
G1 X18.129 Y22.126
G1 X18.258 Y22.164
G1 X18.383 Y22.211
G1 X18.503 Y22.265
G1 X18.62 Y22.327
G1 X18.733 Y22.396
G1 X18.841 Y22.47
G1 X18.947 Y22.549
G1 X19.049 Y22.633
G1 X19.148 Y22.72
G1 X19.243 Y22.81
G1 X19.336 Y22.902
G1 X19.464 Y23.038
G1 X19.582 Y23.179
G1 X19.689 Y23.323
G1 X19.786 Y23.471
G1 X19.873 Y23.623
G1 X19.95 Y23.78
G1 X20.016 Y23.941
G1 X20.073 Y24.106
G1 X20.12 Y24.276
G1 X20.157 Y24.451
G1 X20.183 Y24.63
G1 X20.2 Y24.814
G1 X20.208 Y25.003
G1 X20.205 Y25.197
G1 X20.192 Y25.396
G1 X20.179 Y25.523
G1 X20.165 Y25.641
G1 X20.148 Y25.752
G1 X20.131 Y25.857
G1 X20.112 Y25.959
G1 X20.091 Y26.059
G1 X20.07 Y26.158
G1 X20.049 Y26.259
G1 X20.027 Y26.362
G1 X20.003 Y26.47
G1 X19.981 Y26.585
G1 X19.958 Y26.708
G1 X19.913 Y26.959
G1 X19.865 Y27.212
G1 X19.816 Y27.467
G1 X19.764 Y27.724
G1 X19.712 Y27.983
G1 X19.66 Y28.243
G1 X19.608 Y28.504
G1 X19.557 Y28.767
G1 X19.507 Y29.03
G1 X19.46 Y29.294
G1 X19.416 Y29.558
G1 X19.374 Y29.823
G1 X19.337 Y30.087
G1 X19.305 Y30.352
G1 X19.276 Y30.616
G1 X19.254 Y30.879
G1 X19.24 Y31.141
G1 X19.231 Y31.403
G1 X19.23 Y31.663
G1 X19.237 Y31.922
G1 X19.253 Y32.179
G1 X19.278 Y32.434
G1 X19.313 Y32.687
G1 X19.358 Y32.938
G1 X19.437 Y33.269
G1 X19.469 Y33.379
G1 X19.505 Y33.493
G1 X19.546 Y33.61
G1 X19.59 Y33.729
G1 X19.64 Y33.85
G1 X19.693 Y33.972
G1 X19.751 Y34.095
G1 X19.812 Y34.218
G1 X19.878 Y34.341
G1 X19.947 Y34.463
G1 X20.02 Y34.584
G1 X20.098 Y34.704
G1 X20.178 Y34.821
G1 X20.262 Y34.936
G1 X20.35 Y35.047
G1 X20.44 Y35.155
G1 X20.534 Y35.259
G1 X20.632 Y35.358
G1 X20.732 Y35.452
G1 X20.836 Y35.54
G1 X20.942 Y35.622
G1 X21.052 Y35.697
G1 X21.164 Y35.766
G1 X21.279 Y35.826
G1 X21.397 Y35.879
G1 X21.516 Y35.923
G1 X21.639 Y35.957
G1 X21.764 Y35.983
G1 X21.892 Y35.998
G1 X22.021 Y36.002
G1 X22.248 Y35.983
G1 X22.355 Y35.962
G1 X22.455 Y35.933
G1 X22.548 Y35.896
G1 X22.633 Y35.852
G1 X22.713 Y35.802
G1 X22.785 Y35.746
G1 X22.85 Y35.685
G1 X22.908 Y35.618
G1 X22.959 Y35.547
G1 X23.005 Y35.472
G1 X23.043 Y35.393
G1 X23.075 Y35.311
G1 X23.1 Y35.226
G1 X23.119 Y35.14
G1 X23.131 Y35.051
G1 X23.137 Y34.962
G1 X23.137 Y34.872
G1 X23.131 Y34.781
G1 X23.119 Y34.691
G1 X23.101 Y34.602
G1 X23.076 Y34.514
G1 X23.046 Y34.427
G1 X23.01 Y34.343
G1 X22.941 Y34.202
G1 X22.868 Y34.065
G1 X22.791 Y33.932
G1 X22.713 Y33.803
G1 X22.633 Y33.676
G1 X22.551 Y33.552
G1 X22.468 Y33.43
G1 X22.386 Y33.31
G1 X22.303 Y33.19
G1 X22.222 Y33.07
G1 X22.142 Y32.95
G1 X22.065 Y32.829
G1 X21.99 Y32.707
G1 X21.917 Y32.583
G1 X21.849 Y32.456
G1 X21.786 Y32.327
G1 X21.727 Y32.194
G1 X21.674 Y32.057
G1 X21.627 Y31.916
G1 X21.587 Y31.769
G1 X21.553 Y31.617
G1 X21.528 Y31.459
G1 X21.51 Y31.294
G1 X21.501 Y31.122
G1 X21.503 Y30.924
G1 X21.513 Y30.729
G1 X21.532 Y30.536
G1 X21.56 Y30.346
G1 X21.595 Y30.157
G1 X21.637 Y29.97
G1 X21.685 Y29.784
G1 X21.739 Y29.599
G1 X21.799 Y29.415
G1 X21.863 Y29.231
G1 X21.93 Y29.047
G1 X22.001 Y28.863
G1 X22.073 Y28.678
G1 X22.148 Y28.493
G1 X22.225 Y28.306
G1 X22.301 Y28.118
G1 X22.377 Y27.929
G1 X22.452 Y27.737
G1 X22.526 Y27.543
G1 X22.619 Y27.29
G1 X22.708 Y27.035
G1 X22.793 Y26.779
G1 X22.873 Y26.521
G1 X22.948 Y26.263
G1 X23.019 Y26.003
G1 X23.084 Y25.742
G1 X23.144 Y25.482
G1 X23.197 Y25.22
G1 X23.244 Y24.959
G1 X23.286 Y24.698
G1 X23.321 Y24.437
G1 X23.349 Y24.177
G1 X23.37 Y23.917
G1 X23.382 Y23.658
G1 X23.388 Y23.4
G1 X23.385 Y23.144
G1 X23.375 Y22.889
G1 X23.356 Y22.635
G1 X23.329 Y22.384
G1 X23.291 Y22.135
G1 X23.246 Y21.888
G1 X23.19 Y21.643
G1 X23.125 Y21.402
G1 X23.049 Y21.163
G1 X22.964 Y20.927
G1 X22.868 Y20.694
G1 X22.761 Y20.465
G1 X22.519 Y20.028
G1 X22.443 Y19.911
G1 X22.358 Y19.791
G1 X22.263 Y19.668
G1 X22.161 Y19.542
G1 X22.051 Y19.414
G1 X21.935 Y19.284
G1 X21.812 Y19.153
G1 X21.684 Y19.022
G1 X21.551 Y18.89
G1 X21.414 Y18.758
G1 X21.272 Y18.628
G1 X21.129 Y18.498
G1 X20.983 Y18.37
G1 X20.836 Y18.244
G1 X20.688 Y18.121
G1 X20.539 Y18.001
G1 X20.391 Y17.885
G1 X20.245 Y17.772
G1 X20.101 Y17.665
G1 X19.959 Y17.562
G1 X19.819 Y17.464
G1 X19.684 Y17.373
G1 X19.553 Y17.288
G1 X19.428 Y17.209
G1 X19.31 Y17.138
G1 X19.134 Y17.043
G1 X19.019 Y16.98
G1 X18.916 Y16.915
G1 X18.823 Y16.849
G1 X18.74 Y16.781
G1 X18.665 Y16.712
G1 X18.598 Y16.642
G1 X18.538 Y16.57
G1 X18.485 Y16.497
G1 X18.436 Y16.422
G1 X18.393 Y16.346
G1 X18.353 Y16.27
G1 X18.316 Y16.192
G1 X18.281 Y16.113
G1 X18.248 Y16.033
G1 X18.215 Y15.952
G1 X18.182 Y15.87
G1 X18.148 Y15.787
G1 X18.111 Y15.704
G1 X18.071 Y15.62
G1 X18.029 Y15.535
G1 X17.981 Y15.449
G1 X17.929 Y15.363
G1 X17.869 Y15.277
G1 X17.804 Y15.19
G1 X17.731 Y15.102
G1 X17.648 Y15.014
G1 X17.507 Y14.881
G1 X17.431 Y14.823
G1 X17.35 Y14.772
G1 X17.263 Y14.727
G1 X17.17 Y14.687
G1 X17.073 Y14.653
G1 X16.974 Y14.623
G1 X16.872 Y14.596
G1 X16.769 Y14.573
G1 X16.665 Y14.551
G1 X16.562 Y14.531
G1 X16.459 Y14.511
G1 X16.359 Y14.492
G1 X16.262 Y14.471
G1 X16.168 Y14.45
G1 X16.079 Y14.426
G1 X15.996 Y14.399
G1 X15.919 Y14.369
G1 X15.849 Y14.335
G1 X15.787 Y14.296
G1 X15.735 Y14.251
G1 X15.672 Y14.184
G1 X15.614 Y14.118
G1 X15.561 Y14.051
G1 X15.511 Y13.984
G1 X15.461 Y13.917
G1 X15.415 Y13.851
G1 X15.368 Y13.786
G1 X15.32 Y13.722
G1 X15.271 Y13.659
G1 X15.219 Y13.598
G1 X15.164 Y13.538
G1 X15.103 Y13.481
G1 X15.036 Y13.425
G1 X14.964 Y13.372
G1 X14.883 Y13.322
G1 X14.795 Y13.275
G1 X14.696 Y13.231
G1 X14.508 Y13.16
G1 X14.31 Y13.096
G1 X14.104 Y13.041
G1 X13.89 Y12.992
G1 X13.67 Y12.951
G1 X13.444 Y12.916
G1 X13.211 Y12.888
G1 X12.974 Y12.866
G1 X12.733 Y12.85
G1 X12.488 Y12.84
G1 X12.239 Y12.834
G1 X11.989 Y12.834
G1 X11.737 Y12.839
G1 X11.483 Y12.848
G1 X11.23 Y12.861
G1 X10.976 Y12.879
G1 X10.723 Y12.9
G1 X10.472 Y12.924
G1 X10.223 Y12.951
G1 X9.977 Y12.981
G1 X9.734 Y13.014
G1 X9.496 Y13.049
G1 X9.262 Y13.086
G1 X8.858 Y13.156
G1 X8.698 Y13.184
G1 X8.548 Y13.209
G1 X8.408 Y13.23
G1 X8.275 Y13.25
G1 X8.149 Y13.267
G1 X8.03 Y13.284
G1 X7.916 Y13.301
G1 X7.806 Y13.318
G1 X7.699 Y13.336
G1 X7.595 Y13.356
G1 X7.491 Y13.378
G1 X7.387 Y13.404
G1 X7.283 Y13.433
G1 X7.195 Y13.459
G1 X7.111 Y13.484
G1 X7.031 Y13.509
G1 X6.955 Y13.534
G1 X6.882 Y13.561
G1 X6.812 Y13.59
G1 X6.746 Y13.623
G1 X6.684 Y13.659
G1 X6.624 Y13.7
G1 X6.568 Y13.746
G1 X6.516 Y13.799
G1 X6.466 Y13.859
G1 X6.421 Y13.926
G1 X6.378 Y14.003
G1 X6.337 Y14.089
G1 X6.301 Y14.185
G1 X6.267 Y14.291
G1 X6.234 Y14.407
G1 X6.203 Y14.532
G1 X6.172 Y14.664
G1 X6.142 Y14.804
G1 X6.112 Y14.949
G1 X6.083 Y15.099
G1 X6.054 Y15.251
G1 X6.023 Y15.406
G1 X5.994 Y15.561
G1 X5.962 Y15.716
G1 X5.93 Y15.87
G1 X5.896 Y16.02
G1 X5.861 Y16.167
G1 X5.824 Y16.308
G1 X5.784 Y16.443
G1 X5.743 Y16.57
G1 X5.7 Y16.688
G1 X5.584 Y16.967
G1 X5.457 Y17.246
G1 X5.322 Y17.524
G1 X5.18 Y17.8
G1 X5.032 Y18.075
G1 X4.879 Y18.347
G1 X4.723 Y18.617
G1 X4.566 Y18.884
G1 X4.408 Y19.146
G1 X4.251 Y19.405
G1 X4.097 Y19.66
G1 X3.946 Y19.909
G1 X3.818 Y20.124
G1 X3.695 Y20.335
G1 X3.576 Y20.544
G1 X3.46 Y20.751
G1 X3.345 Y20.958
G1 X3.231 Y21.168
G1 X3.117 Y21.38
G1 X3.001 Y21.598
G1 X2.884 Y21.823
G1 X2.762 Y22.056
G1 X2.714 Y22.148
G1 X2.666 Y22.245
G1 X2.617 Y22.345
G1 X2.568 Y22.448
G1 X2.519 Y22.553
G1 X2.471 Y22.659
G1 X2.423 Y22.766
G1 X2.378 Y22.872
G1 X2.335 Y22.978
G1 X2.293 Y23.083
G1 X2.255 Y23.185
G1 X2.219 Y23.284
G1 X2.188 Y23.379
G1 X2.16 Y23.471
G1 X2.136 Y23.557
G1 X2.117 Y23.637
G1 X2.104 Y23.711
G1 X2.095 Y23.777
G1 X2.093 Y23.836
G1 X2.097 Y23.886
G1 X2.109 Y23.927
G1 X2.141 Y23.996
G1 X2.177 Y24.054
G1 X2.217 Y24.103
G1 X2.26 Y24.142
G1 X2.306 Y24.172
G1 X2.355 Y24.195
G1 X2.407 Y24.21
G1 X2.461 Y24.218
G1 X2.517 Y24.22
G1 X2.575 Y24.216
G1 X2.635 Y24.207
G1 X2.695 Y24.194
G1 X2.757 Y24.178
G1 X2.819 Y24.158
G1 X2.882 Y24.136
G1 X2.945 Y24.112
G1 X3.009 Y24.087
G1 X3.072 Y24.061
G1 X3.134 Y24.036
G1 X3.271 Y23.98
G1 X3.397 Y23.926
G1 X3.513 Y23.875
G1 X3.62 Y23.828
G1 X3.717 Y23.783
G1 X3.805 Y23.743
G1 X3.882 Y23.706
G1 X3.95 Y23.673
G1 X4.009 Y23.644
G1 X4.059 Y23.62
G1 X4.097 Y23.601
G1 X4.128 Y23.586
G1 X4.217 Y23.542
G1 X4.301 Y23.496
G1 X4.381 Y23.448
G1 X4.456 Y23.397
G1 X4.528 Y23.344
G1 X4.596 Y23.287
G1 X4.662 Y23.227
G1 X4.725 Y23.162
G1 X4.787 Y23.092
G1 X4.846 Y23.018
G1 X4.905 Y22.938
G1 X4.964 Y22.852
G1 X5.022 Y22.76
G1 X5.081 Y22.661
G1 X5.141 Y22.555
G1 X5.201 Y22.442
G1 X5.263 Y22.32
G1 X5.328 Y22.19
G1 X5.395 Y22.052
G1 X5.465 Y21.904
G1 X5.538 Y21.746
G1 X5.616 Y21.579
M5
G0 X77.793 Y33.746
M3
G1 X77.801 Y33.628
G1 X77.806 Y33.504
G1 X77.808 Y33.374
G1 X77.807 Y33.239
G1 X77.801 Y33.098
G1 X77.791 Y32.951
G1 X77.776 Y32.799
G1 X77.757 Y32.642
G1 X77.731 Y32.479
G1 X77.7 Y32.312
G1 X77.662 Y32.141
G1 X77.618 Y31.964
G1 X77.565 Y31.783
G1 X77.505 Y31.598
G1 X77.437 Y31.409
G1 X77.36 Y31.216
G1 X77.274 Y31.019
G1 X77.179 Y30.819
G1 X77.075 Y30.615
G1 X76.959 Y30.408
G1 X76.909 Y30.33
G1 X76.852 Y30.251
G1 X76.789 Y30.17
G1 X76.721 Y30.087
G1 X76.65 Y30.002
G1 X76.578 Y29.914
G1 X76.507 Y29.825
G1 X76.438 Y29.733
G1 X76.372 Y29.638
G1 X76.313 Y29.541
G1 X76.262 Y29.441
G1 X76.225 Y29.359
G1 X76.196 Y29.281
G1 X76.172 Y29.208
G1 X76.152 Y29.138
G1 X76.137 Y29.071
G1 X76.125 Y29.007
G1 X76.117 Y28.945
G1 X76.111 Y28.885
G1 X76.107 Y28.825
G1 X76.104 Y28.766
G1 X76.101 Y28.707
G1 X76.1 Y28.647
G1 X76.097 Y28.585
G1 X76.094 Y28.522
G1 X76.088 Y28.456
G1 X76.08 Y28.387
G1 X76.07 Y28.315
G1 X76.055 Y28.238
G1 X76.038 Y28.157
G1 X76.014 Y28.071
G1 X75.986 Y27.979
G1 X75.952 Y27.88
G1 X75.911 Y27.775
G1 X75.863 Y27.662
G1 X75.799 Y27.524
G1 X75.735 Y27.387
G1 X75.668 Y27.252
G1 X75.599 Y27.121
G1 X75.53 Y26.992
G1 X75.457 Y26.868
G1 X75.383 Y26.747
G1 X75.307 Y26.631
G1 X75.23 Y26.519
G1 X75.151 Y26.413
G1 X75.07 Y26.312
G1 X74.987 Y26.218
G1 X74.903 Y26.13
G1 X74.816 Y26.048
G1 X74.729 Y25.974
G1 X74.638 Y25.908
G1 X74.547 Y25.85
G1 X74.455 Y25.801
G1 X74.359 Y25.76
G1 X74.263 Y25.729
G1 X74.165 Y25.707
G1 X74.066 Y25.696
G1 X73.964 Y25.695
G1 X73.877 Y25.704
G1 X73.791 Y25.722
G1 X73.707 Y25.748
G1 X73.624 Y25.782
G1 X73.545 Y25.821
G1 X73.467 Y25.864
G1 X73.393 Y25.911
G1 X73.321 Y25.96
G1 X73.252 Y26.01
G1 X73.187 Y26.06
G1 X73.125 Y26.108
G1 X73.067 Y26.153
G1 X73.013 Y26.195
G1 X72.963 Y26.231
G1 X72.864 Y26.301
G1 X72.757 Y26.377
G1 X72.643 Y26.46
G1 X72.522 Y26.548
G1 X72.395 Y26.641
G1 X72.265 Y26.739
G1 X72.13 Y26.84
G1 X71.992 Y26.945
G1 X71.851 Y27.052
G1 X71.71 Y27.161
G1 X71.569 Y27.272
G1 X71.427 Y27.384
G1 X71.288 Y27.495
G1 X71.151 Y27.607
G1 X71.017 Y27.718
G1 X70.886 Y27.827
G1 X70.761 Y27.934
G1 X70.642 Y28.038
G1 X70.53 Y28.14
M5
G0 X-49.598 Y32.315
M3
G1 X-49.644 Y32.13
G1 X-49.69 Y31.955
G1 X-49.736 Y31.791
G1 X-49.783 Y31.636
G1 X-49.831 Y31.489
G1 X-49.879 Y31.35
G1 X-49.928 Y31.219
G1 X-49.98 Y31.096
G1 X-50.031 Y30.978
G1 X-50.085 Y30.867
G1 X-50.139 Y30.761
G1 X-50.196 Y30.66
G1 X-50.254 Y30.563
G1 X-50.315 Y30.471
G1 X-50.377 Y30.381
G1 X-50.441 Y30.294
G1 X-50.509 Y30.209
G1 X-50.579 Y30.126
G1 X-50.651 Y30.044
G1 X-50.725 Y29.963
G1 X-50.78 Y29.905
G1 X-50.844 Y29.841
G1 X-50.916 Y29.772
G1 X-50.996 Y29.697
G1 X-51.086 Y29.617
G1 X-51.185 Y29.533
G1 X-51.292 Y29.444
G1 X-51.409 Y29.352
G1 X-51.536 Y29.257
G1 X-51.672 Y29.159
G1 X-51.818 Y29.059
G1 X-51.936 Y28.979
G1 X-52.049 Y28.901
G1 X-52.155 Y28.825
G1 X-52.255 Y28.75
G1 X-52.351 Y28.676
G1 X-52.441 Y28.602
G1 X-52.528 Y28.527
G1 X-52.61 Y28.451
G1 X-52.689 Y28.374
G1 X-52.764 Y28.294
G1 X-52.837 Y28.211
G1 X-52.908 Y28.124
G1 X-52.977 Y28.033
G1 X-53.043 Y27.938
G1 X-53.108 Y27.837
G1 X-53.173 Y27.73
G1 X-53.237 Y27.617
G1 X-53.301 Y27.496
G1 X-53.365 Y27.368
G1 X-53.43 Y27.231
G1 X-53.497 Y27.086
G1 X-53.564 Y26.93
G1 X-53.634 Y26.765
G1 X-53.705 Y26.589
G1 X-53.776 Y26.398
G1 X-53.834 Y26.206
G1 X-53.882 Y26.012
G1 X-53.919 Y25.817
G1 X-53.945 Y25.62
G1 X-53.963 Y25.421
G1 X-53.972 Y25.222
G1 X-53.971 Y25.02
G1 X-53.963 Y24.818
G1 X-53.948 Y24.615
G1 X-53.925 Y24.41
G1 X-53.895 Y24.205
G1 X-53.86 Y23.998
G1 X-53.818 Y23.791
G1 X-53.772 Y23.582
G1 X-53.722 Y23.373
G1 X-53.666 Y23.163
G1 X-53.608 Y22.952
G1 X-53.547 Y22.741
G1 X-53.482 Y22.529
G1 X-53.416 Y22.317
G1 X-53.348 Y22.104
G1 X-53.279 Y21.891
G1 X-53.21 Y21.678
G1 X-53.14 Y21.464
G1 X-53.07 Y21.25
G1 X-53.001 Y21.036
G1 X-52.935 Y20.822
G1 X-52.869 Y20.608
G1 X-52.806 Y20.394
G1 X-52.747 Y20.18
G1 X-52.69 Y19.966
G1 X-52.617 Y19.67
G1 X-52.582 Y19.518
G1 X-52.548 Y19.376
G1 X-52.517 Y19.244
G1 X-52.487 Y19.121
G1 X-52.459 Y19.005
G1 X-52.432 Y18.897
G1 X-52.408 Y18.795
G1 X-52.387 Y18.698
G1 X-52.366 Y18.606
G1 X-52.348 Y18.517
G1 X-52.331 Y18.431
G1 X-52.316 Y18.347
G1 X-52.303 Y18.263
G1 X-52.292 Y18.18
G1 X-52.282 Y18.096
G1 X-52.275 Y18.01
G1 X-52.269 Y17.921
G1 X-52.265 Y17.829
G1 X-52.262 Y17.733
G1 X-52.262 Y17.631
G1 X-52.263 Y17.523
G1 X-52.267 Y17.444
G1 X-52.277 Y17.359
G1 X-52.291 Y17.269
G1 X-52.309 Y17.176
G1 X-52.331 Y17.079
G1 X-52.357 Y16.98
G1 X-52.385 Y16.879
G1 X-52.415 Y16.778
G1 X-52.447 Y16.676
G1 X-52.481 Y16.575
G1 X-52.515 Y16.476
G1 X-52.55 Y16.379
G1 X-52.585 Y16.285
G1 X-52.619 Y16.194
G1 X-52.652 Y16.109
G1 X-52.683 Y16.028
G1 X-52.713 Y15.954
G1 X-52.74 Y15.887
G1 X-52.764 Y15.827
G1 X-52.783 Y15.776
G1 X-52.8 Y15.734
M5
G0 X71.798 Y31.36
M3
G1 X71.981 Y31.322
G1 X72.169 Y31.273
G1 X72.361 Y31.216
G1 X72.558 Y31.152
G1 X72.757 Y31.081
G1 X72.96 Y31.003
G1 X73.164 Y30.921
G1 X73.37 Y30.835
G1 X73.578 Y30.745
G1 X73.786 Y30.653
G1 X73.994 Y30.56
G1 X74.202 Y30.466
G1 X74.408 Y30.372
G1 X74.613 Y30.28
G1 X74.816 Y30.189
G1 X75.014 Y30.102
G1 X75.211 Y30.018
G1 X75.403 Y29.94
G1 X75.59 Y29.866
G1 X75.773 Y29.8
G1 X75.949 Y29.741
G1 X76.119 Y29.69
M5
G0 X-42.063 Y-15.638
M3
G1 X-42.291 Y-15.583
G1 X-42.526 Y-15.521
G1 X-42.767 Y-15.45
G1 X-43.015 Y-15.372
G1 X-43.267 Y-15.288
G1 X-43.525 Y-15.196
G1 X-43.784 Y-15.098
G1 X-44.046 Y-14.995
G1 X-44.311 Y-14.886
G1 X-44.575 Y-14.771
G1 X-44.839 Y-14.652
G1 X-45.102 Y-14.528
G1 X-45.363 Y-14.4
G1 X-45.622 Y-14.268
G1 X-45.877 Y-14.132
G1 X-46.127 Y-13.993
G1 X-46.371 Y-13.852
G1 X-46.611 Y-13.708
G1 X-46.841 Y-13.562
G1 X-47.065 Y-13.414
G1 X-47.28 Y-13.265
G1 X-47.436 Y-13.153
G1 X-47.595 Y-13.035
G1 X-47.756 Y-12.911
G1 X-47.922 Y-12.782
G1 X-48.089 Y-12.648
G1 X-48.26 Y-12.509
G1 X-48.431 Y-12.366
G1 X-48.604 Y-12.217
G1 X-48.779 Y-12.064
G1 X-48.953 Y-11.907
G1 X-49.129 Y-11.746
G1 X-49.305 Y-11.58
G1 X-49.481 Y-11.411
G1 X-49.656 Y-11.239
G1 X-49.83 Y-11.063
G1 X-50.003 Y-10.884
G1 X-50.174 Y-10.702
G1 X-50.343 Y-10.516
G1 X-50.509 Y-10.329
G1 X-50.673 Y-10.139
G1 X-50.834 Y-9.946
G1 X-50.992 Y-9.751
G1 X-51.145 Y-9.555
G1 X-51.295 Y-9.356
G1 X-51.441 Y-9.156
G1 X-51.581 Y-8.955
G1 X-51.716 Y-8.752
G1 X-51.846 Y-8.548
G1 X-51.97 Y-8.344
G1 X-52.088 Y-8.139
G1 X-52.199 Y-7.933
G1 X-52.303 Y-7.727
G1 X-52.4 Y-7.52
G1 X-52.489 Y-7.314
G1 X-52.57 Y-7.108
G1 X-52.643 Y-6.902
G1 X-52.707 Y-6.697
G1 X-52.763 Y-6.492
G1 X-52.809 Y-6.289
G1 X-52.844 Y-6.087
G1 X-52.871 Y-5.885
G1 X-52.887 Y-5.686
G1 X-52.891 Y-5.488
G1 X-52.885 Y-5.291
G1 X-52.857 Y-5.022
G1 X-52.819 Y-4.804
G1 X-52.769 Y-4.588
G1 X-52.708 Y-4.372
G1 X-52.637 Y-4.157
G1 X-52.556 Y-3.943
G1 X-52.467 Y-3.73
G1 X-52.367 Y-3.518
G1 X-52.26 Y-3.307
G1 X-52.144 Y-3.097
G1 X-52.021 Y-2.888
G1 X-51.893 Y-2.679
G1 X-51.757 Y-2.471
G1 X-51.616 Y-2.264
G1 X-51.47 Y-2.058
G1 X-51.32 Y-1.852
G1 X-51.165 Y-1.647
G1 X-51.007 Y-1.443
G1 X-50.846 Y-1.24
G1 X-50.681 Y-1.037
G1 X-50.516 Y-0.835
G1 X-50.35 Y-0.634
G1 X-50.181 Y-0.433
G1 X-50.014 Y-0.233
G1 X-49.845 Y-0.033
G1 X-49.679 Y0.166
G1 X-49.513 Y0.365
G1 X-49.349 Y0.563
G1 X-49.187 Y0.76
G1 X-49.029 Y0.957
G1 X-48.873 Y1.153
G1 X-48.722 Y1.35
G1 X-48.575 Y1.545
G1 X-48.433 Y1.74
G1 X-48.297 Y1.935
G1 X-48.167 Y2.129
G1 X-48.044 Y2.323
G1 X-47.928 Y2.517
G1 X-47.808 Y2.732
G1 X-47.563 Y3.199
G1 X-47.329 Y3.672
G1 X-47.105 Y4.149
G1 X-46.889 Y4.632
G1 X-46.683 Y5.118
G1 X-46.486 Y5.609
G1 X-46.296 Y6.103
G1 X-46.115 Y6.601
G1 X-45.941 Y7.101
G1 X-45.774 Y7.604
G1 X-45.614 Y8.109
G1 X-45.462 Y8.616
G1 X-45.315 Y9.124
G1 X-45.174 Y9.634
G1 X-45.039 Y10.145
G1 X-44.907 Y10.656
G1 X-44.782 Y11.167
G1 X-44.661 Y11.678
G1 X-44.593 Y11.979
G1 X-44.532 Y12.273
G1 X-44.477 Y12.56
G1 X-44.427 Y12.84
G1 X-44.384 Y13.116
G1 X-44.343 Y13.388
G1 X-44.308 Y13.657
G1 X-44.275 Y13.923
G1 X-44.246 Y14.189
G1 X-44.221 Y14.454
G1 X-44.196 Y14.721
G1 X-44.173 Y14.989
G1 X-44.153 Y15.259
G1 X-44.132 Y15.534
G1 X-44.111 Y15.813
G1 X-44.091 Y16.098
G1 X-44.07 Y16.389
G1 X-44.047 Y16.688
G1 X-44.034 Y16.849
G1 X-44.023 Y17.001
G1 X-44.013 Y17.143
G1 X-44.004 Y17.278
G1 X-43.996 Y17.407
G1 X-43.989 Y17.529
G1 X-43.984 Y17.647
G1 X-43.979 Y17.762
G1 X-43.977 Y17.874
G1 X-43.974 Y17.984
G1 X-43.975 Y18.094
G1 X-43.976 Y18.204
G1 X-43.978 Y18.316
G1 X-43.982 Y18.43
G1 X-43.989 Y18.548
G1 X-43.995 Y18.67
G1 X-44.005 Y18.798
G1 X-44.014 Y18.932
G1 X-44.027 Y19.074
G1 X-44.059 Y19.472
G1 X-44.086 Y19.879
G1 X-44.109 Y20.292
G1 X-44.128 Y20.711
G1 X-44.142 Y21.136
G1 X-44.152 Y21.565
G1 X-44.156 Y21.997
G1 X-44.157 Y22.431
G1 X-44.155 Y22.867
G1 X-44.147 Y23.304
G1 X-44.135 Y23.74
G1 X-44.12 Y24.175
G1 X-44.1 Y24.608
G1 X-44.076 Y25.038
G1 X-44.048 Y25.464
G1 X-44.016 Y25.885
G1 X-43.979 Y26.3
G1 X-43.939 Y26.709
G1 X-43.896 Y27.11
G1 X-43.847 Y27.503
G1 X-43.796 Y27.886
G1 X-43.741 Y28.259
G1 X-43.722 Y28.375
G1 X-43.703 Y28.499
G1 X-43.683 Y28.629
G1 X-43.661 Y28.764
G1 X-43.638 Y28.902
G1 X-43.614 Y29.042
G1 X-43.589 Y29.184
G1 X-43.564 Y29.325
G1 X-43.537 Y29.464
G1 X-43.51 Y29.6
G1 X-43.482 Y29.732
G1 X-43.454 Y29.859
G1 X-43.426 Y29.979
G1 X-43.397 Y30.091
G1 X-43.368 Y30.193
G1 X-43.339 Y30.285
G1 X-43.3 Y30.388
G1 X-43.26 Y30.481
G1 X-43.219 Y30.564
G1 X-43.175 Y30.637
G1 X-43.131 Y30.703
G1 X-43.086 Y30.761
G1 X-43.04 Y30.812
G1 X-42.993 Y30.858
G1 X-42.945 Y30.898
G1 X-42.898 Y30.933
G1 X-42.85 Y30.965
G1 X-42.803 Y30.994
G1 X-42.756 Y31.021
G1 X-42.709 Y31.046
G1 X-42.663 Y31.071
G1 X-42.619 Y31.096
G1 X-42.576 Y31.122
M5
G0 X-2.542 Y30.287
M3
G1 X-2.568 Y30.25
G1 X-2.593 Y30.211
G1 X-2.618 Y30.17
G1 X-2.642 Y30.128
G1 X-2.668 Y30.084
G1 X-2.695 Y30.039
G1 X-2.725 Y29.994
G1 X-2.759 Y29.948
G1 X-2.796 Y29.901
G1 X-2.838 Y29.854
G1 X-2.885 Y29.807
G1 X-2.939 Y29.76
G1 X-2.999 Y29.713
G1 X-3.067 Y29.667
G1 X-3.143 Y29.622
G1 X-3.227 Y29.577
G1 X-3.322 Y29.534
G1 X-3.427 Y29.492
G1 X-3.465 Y29.478
G1 X-3.513 Y29.459
G1 X-3.57 Y29.436
G1 X-3.636 Y29.41
G1 X-3.709 Y29.38
G1 X-3.79 Y29.347
G1 X-3.875 Y29.311
G1 X-3.967 Y29.272
G1 X-4.063 Y29.231
G1 X-4.163 Y29.189
G1 X-4.265 Y29.144
G1 X-4.37 Y29.098
G1 X-4.476 Y29.051
G1 X-4.581 Y29.003
G1 X-4.688 Y28.954
G1 X-4.794 Y28.905
G1 X-4.897 Y28.856
G1 X-4.998 Y28.807
G1 X-5.096 Y28.759
G1 X-5.189 Y28.712
G1 X-5.278 Y28.665
G1 X-5.361 Y28.62
G1 X-5.438 Y28.577
G1 X-5.508 Y28.536
G1 X-5.604 Y28.473
G1 X-5.796 Y28.334
G1 X-5.982 Y28.194
G1 X-6.161 Y28.051
G1 X-6.334 Y27.906
G1 X-6.502 Y27.758
G1 X-6.661 Y27.607
G1 X-6.814 Y27.453
G1 X-6.96 Y27.296
G1 X-7.099 Y27.136
G1 X-7.23 Y26.972
G1 X-7.353 Y26.804
G1 X-7.469 Y26.632
G1 X-7.578 Y26.456
G1 X-7.677 Y26.275
G1 X-7.769 Y26.09
G1 X-7.852 Y25.9
G1 X-7.926 Y25.705
G1 X-7.991 Y25.505
G1 X-8.048 Y25.299
G1 X-8.096 Y25.088
G1 X-8.135 Y24.871
G1 X-8.163 Y24.648
G1 X-8.183 Y24.418
G1 X-8.193 Y24.182
G1 X-8.192 Y23.94
G1 X-8.176 Y23.607
G1 X-8.162 Y23.404
G1 X-8.145 Y23.199
G1 X-8.126 Y22.992
G1 X-8.102 Y22.782
G1 X-8.076 Y22.571
G1 X-8.042 Y22.357
G1 X-8.002 Y22.14
G1 X-7.954 Y21.921
G1 X-7.897 Y21.698
G1 X-7.826 Y21.457
G1 X-7.749 Y21.226
G1 X-7.667 Y21.003
G1 X-7.577 Y20.788
G1 X-7.482 Y20.582
G1 X-7.382 Y20.384
G1 X-7.277 Y20.193
G1 X-7.166 Y20.009
G1 X-7.05 Y19.831
G1 X-6.929 Y19.661
G1 X-6.805 Y19.496
G1 X-6.675 Y19.337
G1 X-6.541 Y19.183
G1 X-6.403 Y19.034
G1 X-6.262 Y18.89
G1 X-6.116 Y18.75
G1 X-5.969 Y18.614
G1 X-5.816 Y18.481
G1 X-5.662 Y18.352
G1 X-5.503 Y18.225
G1 X-5.343 Y18.101
G1 X-5.179 Y17.979
G1 X-5.013 Y17.859
G1 X-4.846 Y17.741
G1 X-4.677 Y17.623
G1 X-4.506 Y17.506
G1 X-4.332 Y17.39
G1 X-4.157 Y17.274
G1 X-3.982 Y17.157
G1 X-3.805 Y17.04
G1 X-3.627 Y16.921
G1 X-3.449 Y16.802
G1 X-3.27 Y16.68
G1 X-3.092 Y16.557
G1 X-2.913 Y16.431
G1 X-2.733 Y16.302
G1 X-2.555 Y16.17
G1 X-2.376 Y16.035
G1 X-2.199 Y15.896
G1 X-2.021 Y15.752
G1 X-1.725 Y15.5
G1 X-1.524 Y15.321
G1 X-1.323 Y15.138
G1 X-1.121 Y14.952
G1 X-0.919 Y14.765
G1 X-0.716 Y14.576
G1 X-0.512 Y14.387
G1 X-0.306 Y14.2
G1 X-0.1 Y14.014
G1 X0.108 Y13.831
G1 X0.318 Y13.652
G1 X0.529 Y13.477
G1 X0.743 Y13.308
G1 X0.958 Y13.146
G1 X1.177 Y12.99
G1 X1.397 Y12.844
G1 X1.62 Y12.706
G1 X1.761 Y12.625
G1 X1.904 Y12.546
G1 X2.048 Y12.47
G1 X2.193 Y12.397
G1 X2.341 Y12.327
G1 X2.488 Y12.262
G1 X2.637 Y12.2
G1 X2.786 Y12.144
G1 X2.935 Y12.092
G1 X3.084 Y12.045
G1 X3.235 Y12.004
G1 X3.385 Y11.969
G1 X3.534 Y11.941
G1 X3.684 Y11.919
G1 X3.833 Y11.904
G1 X3.981 Y11.897
G1 X4.128 Y11.897
G1 X4.274 Y11.906
G1 X4.419 Y11.923
G1 X4.563 Y11.949
G1 X4.705 Y11.984
G1 X4.846 Y12.028
G1 X4.984 Y12.083
G1 X5.12 Y12.148
G1 X5.255 Y12.223
G1 X5.386 Y12.31
G1 X5.574 Y12.457
G1 X5.674 Y12.55
G1 X5.763 Y12.645
G1 X5.844 Y12.744
G1 X5.916 Y12.846
G1 X5.983 Y12.95
G1 X6.044 Y13.055
G1 X6.1 Y13.163
G1 X6.154 Y13.272
G1 X6.205 Y13.382
G1 X6.256 Y13.493
G1 X6.306 Y13.604
G1 X6.358 Y13.715
G1 X6.413 Y13.825
M5
G0 X-50.571 Y27.066
M3
G1 X-50.466 Y26.949
G1 X-50.362 Y26.831
G1 X-50.261 Y26.71
G1 X-50.162 Y26.588
G1 X-50.065 Y26.464
G1 X-49.971 Y26.336
G1 X-49.881 Y26.206
G1 X-49.793 Y26.072
G1 X-49.71 Y25.934
G1 X-49.631 Y25.793
G1 X-49.555 Y25.647
G1 X-49.485 Y25.496
G1 X-49.418 Y25.34
G1 X-49.358 Y25.179
G1 X-49.302 Y25.013
G1 X-49.252 Y24.84
G1 X-49.21 Y24.661
G1 X-49.171 Y24.476
G1 X-49.141 Y24.283
G1 X-49.117 Y24.084
G1 X-49.096 Y23.828
G1 X-49.082 Y23.58
G1 X-49.076 Y23.339
G1 X-49.079 Y23.104
G1 X-49.089 Y22.875
G1 X-49.109 Y22.651
G1 X-49.135 Y22.43
G1 X-49.17 Y22.213
G1 X-49.213 Y21.997
G1 X-49.264 Y21.784
G1 X-49.323 Y21.571
G1 X-49.39 Y21.358
G1 X-49.464 Y21.145
G1 X-49.547 Y20.929
G1 X-49.637 Y20.712
G1 X-49.736 Y20.491
G1 X-49.841 Y20.267
G1 X-49.885 Y20.178
G1 X-49.934 Y20.083
G1 X-49.987 Y19.982
G1 X-50.045 Y19.877
G1 X-50.105 Y19.768
G1 X-50.17 Y19.657
G1 X-50.236 Y19.544
G1 X-50.304 Y19.429
G1 X-50.374 Y19.315
G1 X-50.444 Y19.202
G1 X-50.515 Y19.091
G1 X-50.586 Y18.983
G1 X-50.657 Y18.878
G1 X-50.726 Y18.779
G1 X-50.794 Y18.685
G1 X-50.859 Y18.598
G1 X-50.922 Y18.518
G1 X-50.982 Y18.447
G1 X-51.038 Y18.385
G1 X-51.118 Y18.305
G1 X-51.195 Y18.234
G1 X-51.269 Y18.171
G1 X-51.34 Y18.116
G1 X-51.408 Y18.068
G1 X-51.473 Y18.026
G1 X-51.536 Y17.99
G1 X-51.597 Y17.958
G1 X-51.656 Y17.929
G1 X-51.712 Y17.903
G1 X-51.767 Y17.879
G1 X-51.821 Y17.857
G1 X-51.873 Y17.834
G1 X-51.924 Y17.812
G1 X-51.974 Y17.788
G1 X-52.023 Y17.762
M5
G0 X-1.871 Y26.708
M3
G1 X-1.747 Y26.733
G1 X-1.616 Y26.756
G1 X-1.479 Y26.777
G1 X-1.336 Y26.796
G1 X-1.189 Y26.813
G1 X-1.036 Y26.828
G1 X-0.879 Y26.84
G1 X-0.718 Y26.85
G1 X-0.553 Y26.857
G1 X-0.385 Y26.861
G1 X-0.213 Y26.862
G1 X-0.039 Y26.859
G1 X0.137 Y26.853
G1 X0.316 Y26.843
G1 X0.495 Y26.83
G1 X0.676 Y26.812
G1 X0.858 Y26.791
G1 X1.039 Y26.765
G1 X1.222 Y26.735
G1 X1.403 Y26.7
G1 X1.585 Y26.66
G1 X1.764 Y26.616
G1 X1.943 Y26.566
G1 X2.12 Y26.511
G1 X2.294 Y26.45
G1 X2.466 Y26.384
G1 X2.634 Y26.312
G1 X2.8 Y26.234
G1 X2.961 Y26.15
G1 X3.119 Y26.06
G1 X3.273 Y25.963
G1 X3.421 Y25.86
G1 X3.563 Y25.75
G1 X3.701 Y25.633
G1 X3.832 Y25.509
G1 X3.958 Y25.377
G1 X4.076 Y25.238
G1 X4.188 Y25.092
G1 X4.374 Y24.8
G1 X4.443 Y24.672
G1 X4.505 Y24.553
G1 X4.558 Y24.44
G1 X4.605 Y24.333
G1 X4.645 Y24.233
G1 X4.68 Y24.137
G1 X4.71 Y24.047
G1 X4.736 Y23.961
G1 X4.757 Y23.878
G1 X4.776 Y23.8
G1 X4.793 Y23.723
G1 X4.807 Y23.65
G1 X4.821 Y23.578
G1 X4.834 Y23.507
G1 X4.849 Y23.437
G1 X4.863 Y23.368
M5
G0 X68.005 Y25.635
M3
G1 X68.206 Y25.383
G1 X68.403 Y25.137
G1 X68.594 Y24.897
G1 X68.78 Y24.662
G1 X68.96 Y24.434
G1 X69.136 Y24.212
G1 X69.304 Y23.996
G1 X69.466 Y23.785
G1 X69.621 Y23.581
G1 X69.768 Y23.383
G1 X69.909 Y23.192
G1 X70.041 Y23.006
G1 X70.166 Y22.827
G1 X70.281 Y22.655
G1 X70.389 Y22.488
G1 X70.486 Y22.329
G1 X70.574 Y22.175
G1 X70.651 Y22.208
G1 X70.724 Y22.236
G1 X70.794 Y22.259
G1 X70.86 Y22.28
G1 X70.925 Y22.299
G1 X70.99 Y22.317
G1 X71.053 Y22.334
G1 X71.116 Y22.353
G1 X71.182 Y22.372
G1 X71.249 Y22.395
G1 X71.317 Y22.421
G1 X71.39 Y22.451
G1 X71.467 Y22.487
G1 X71.548 Y22.529
G1 X71.635 Y22.578
G1 X71.727 Y22.635
G1 X71.875 Y22.735
G1 X72.018 Y22.841
G1 X72.156 Y22.953
G1 X72.29 Y23.07
G1 X72.418 Y23.192
G1 X72.542 Y23.317
G1 X72.661 Y23.445
G1 X72.774 Y23.575
G1 X72.883 Y23.707
G1 X72.986 Y23.84
G1 X73.085 Y23.973
G1 X73.178 Y24.105
G1 X73.267 Y24.237
G1 X73.348 Y24.366
G1 X73.426 Y24.492
G1 X73.497 Y24.616
G1 X73.564 Y24.735
G1 X73.625 Y24.849
G1 X73.68 Y24.958
G1 X73.729 Y25.061
G1 X73.774 Y25.157
G1 X73.812 Y25.245
G1 X73.844 Y25.325
G1 X73.871 Y25.396
M5
G0 X-34.51 Y11.201
M3
G1 X-34.57 Y11.134
G1 X-34.633 Y11.058
G1 X-34.7 Y10.975
G1 X-34.771 Y10.885
G1 X-34.844 Y10.789
G1 X-34.92 Y10.688
G1 X-34.997 Y10.582
G1 X-35.076 Y10.473
G1 X-35.156 Y10.36
G1 X-35.236 Y10.246
G1 X-35.317 Y10.13
G1 X-35.398 Y10.014
G1 X-35.478 Y9.897
G1 X-35.556 Y9.782
G1 X-35.633 Y9.668
G1 X-35.708 Y9.557
G1 X-35.781 Y9.449
G1 X-35.851 Y9.345
G1 X-35.917 Y9.246
G1 X-35.98 Y9.153
G1 X-36.038 Y9.066
G1 X-36.092 Y8.986
G1 X-36.141 Y8.914
G1 X-36.199 Y8.828
G1 X-36.249 Y8.757
G1 X-36.297 Y8.689
G1 X-36.345 Y8.624
G1 X-36.392 Y8.563
G1 X-36.441 Y8.507
G1 X-36.491 Y8.455
G1 X-36.543 Y8.408
G1 X-36.597 Y8.366
G1 X-36.655 Y8.329
G1 X-36.717 Y8.299
G1 X-36.783 Y8.275
G1 X-36.855 Y8.257
G1 X-36.933 Y8.247
G1 X-37.016 Y8.243
G1 X-37.108 Y8.248
G1 X-37.175 Y8.258
G1 X-37.237 Y8.276
G1 X-37.293 Y8.301
G1 X-37.344 Y8.332
G1 X-37.388 Y8.367
G1 X-37.429 Y8.407
G1 X-37.464 Y8.449
G1 X-37.495 Y8.493
G1 X-37.521 Y8.538
G1 X-37.544 Y8.583
G1 X-37.564 Y8.627
G1 X-37.579 Y8.669
G1 X-37.592 Y8.708
G1 X-37.603 Y8.744
G1 X-37.611 Y8.774
G1 X-37.616 Y8.798
G1 X-37.619 Y8.816
G1 X-37.634 Y8.912
G1 X-37.641 Y9.015
G1 X-37.641 Y9.126
G1 X-37.635 Y9.246
G1 X-37.622 Y9.373
G1 X-37.603 Y9.509
G1 X-37.578 Y9.654
G1 X-37.547 Y9.808
G1 X-37.511 Y9.971
G1 X-37.47 Y10.144
G1 X-37.425 Y10.327
G1 X-37.375 Y10.52
G1 X-37.321 Y10.724
G1 X-37.236 Y11.023
G1 X-37.144 Y11.327
G1 X-37.043 Y11.636
G1 X-36.934 Y11.949
G1 X-36.817 Y12.266
G1 X-36.692 Y12.587
G1 X-36.561 Y12.911
G1 X-36.421 Y13.238
G1 X-36.275 Y13.567
G1 X-36.122 Y13.897
G1 X-35.963 Y14.23
G1 X-35.797 Y14.563
G1 X-35.624 Y14.897
G1 X-35.447 Y15.231
G1 X-35.263 Y15.564
G1 X-35.074 Y15.898
G1 X-34.88 Y16.23
G1 X-34.68 Y16.56
G1 X-34.476 Y16.889
G1 X-34.267 Y17.215
G1 X-34.054 Y17.539
G1 X-33.836 Y17.859
G1 X-33.615 Y18.176
G1 X-33.391 Y18.489
G1 X-33.162 Y18.797
G1 X-32.93 Y19.101
G1 X-32.694 Y19.399
G1 X-32.457 Y19.691
G1 X-32.216 Y19.978
G1 X-31.973 Y20.258
G1 X-31.728 Y20.531
G1 X-31.481 Y20.797
G1 X-31.232 Y21.054
G1 X-30.981 Y21.304
G1 X-30.729 Y21.545
G1 X-30.476 Y21.777
G1 X-30.223 Y22.0
G1 X-29.967 Y22.213
G1 X-29.712 Y22.415
G1 X-29.457 Y22.607
G1 X-28.977 Y22.937
G1 X-28.723 Y23.097
G1 X-28.463 Y23.254
G1 X-28.2 Y23.406
G1 X-27.932 Y23.554
G1 X-27.659 Y23.697
G1 X-27.382 Y23.835
G1 X-27.102 Y23.967
G1 X-26.818 Y24.094
G1 X-26.53 Y24.214
G1 X-26.24 Y24.327
G1 X-25.947 Y24.433
G1 X-25.651 Y24.532
G1 X-25.352 Y24.624
G1 X-25.053 Y24.707
G1 X-24.75 Y24.781
G1 X-24.446 Y24.847
G1 X-24.14 Y24.904
G1 X-23.834 Y24.951
G1 X-23.526 Y24.989
G1 X-23.218 Y25.016
G1 X-22.909 Y25.033
G1 X-22.6 Y25.038
G1 X-22.341 Y25.037
G1 X-22.091 Y25.032
G1 X-21.848 Y25.023
G1 X-21.61 Y25.01
G1 X-21.376 Y24.992
G1 X-21.144 Y24.969
G1 X-20.911 Y24.94
G1 X-20.676 Y24.905
G1 X-20.438 Y24.863
G1 X-20.194 Y24.813
G1 X-19.8 Y24.729
G1 X-19.414 Y24.647
G1 X-19.038 Y24.568
G1 X-18.67 Y24.494
G1 X-18.308 Y24.425
G1 X-17.951 Y24.36
G1 X-17.597 Y24.301
G1 X-17.246 Y24.248
G1 X-16.896 Y24.201
G1 X-16.546 Y24.162
G1 X-16.195 Y24.13
G1 X-15.841 Y24.106
G1 X-15.484 Y24.09
G1 X-15.12 Y24.084
G1 X-14.862 Y24.084
G1 X-14.605 Y24.089
G1 X-14.349 Y24.097
G1 X-14.095 Y24.11
G1 X-13.844 Y24.128
G1 X-13.594 Y24.152
G1 X-13.346 Y24.182
G1 X-13.101 Y24.218
G1 X-12.857 Y24.261
G1 X-12.616 Y24.312
G1 X-12.378 Y24.37
G1 X-12.142 Y24.437
G1 X-11.909 Y24.513
G1 X-11.679 Y24.597
G1 X-11.452 Y24.692
G1 X-11.228 Y24.797
G1 X-11.008 Y24.912
G1 X-10.791 Y25.038
M5
G0 X60.87 Y22.652
M3
G1 X60.814 Y21.937
M5
G0 X70.574 Y22.175
M3
G1 X70.508 Y22.081
G1 X70.43 Y21.986
G1 X70.343 Y21.89
G1 X70.245 Y21.793
G1 X70.138 Y21.696
G1 X70.022 Y21.598
G1 X69.9 Y21.5
G1 X69.769 Y21.403
G1 X69.632 Y21.305
G1 X69.489 Y21.209
G1 X69.341 Y21.113
G1 X69.188 Y21.018
G1 X69.031 Y20.924
G1 X68.872 Y20.831
G1 X68.709 Y20.741
G1 X68.545 Y20.652
G1 X68.38 Y20.565
G1 X68.213 Y20.48
G1 X68.046 Y20.398
G1 X67.881 Y20.319
G1 X67.717 Y20.242
G1 X67.554 Y20.169
G1 X67.395 Y20.099
G1 X67.238 Y20.033
G1 X67.086 Y19.97
G1 X66.938 Y19.912
G1 X66.796 Y19.857
G1 X66.608 Y19.79
M5
G0 X12.971 Y19.312
M3
G1 X13.22 Y19.193
M5
G0 X-10.5 Y5.356
M3
G1 X-10.564 Y5.472
G1 X-10.621 Y5.582
G1 X-10.674 Y5.685
G1 X-10.723 Y5.785
G1 X-10.766 Y5.88
G1 X-10.808 Y5.973
G1 X-10.846 Y6.065
G1 X-10.881 Y6.156
G1 X-10.914 Y6.249
G1 X-10.945 Y6.343
G1 X-10.975 Y6.44
G1 X-11.005 Y6.541
G1 X-11.035 Y6.647
G1 X-11.064 Y6.76
G1 X-11.096 Y6.88
G1 X-11.128 Y7.008
G1 X-11.163 Y7.145
G1 X-11.225 Y7.409
G1 X-11.28 Y7.666
G1 X-11.328 Y7.92
G1 X-11.372 Y8.17
G1 X-11.412 Y8.42
G1 X-11.45 Y8.669
G1 X-11.488 Y8.92
G1 X-11.528 Y9.173
G1 X-11.558 Y9.381
G1 X-11.582 Y9.593
G1 X-11.602 Y9.808
G1 X-11.617 Y10.026
G1 X-11.626 Y10.246
G1 X-11.631 Y10.469
G1 X-11.629 Y10.693
G1 X-11.622 Y10.918
G1 X-11.609 Y11.144
G1 X-11.591 Y11.37
G1 X-11.568 Y11.596
G1 X-11.537 Y11.82
G1 X-11.502 Y12.044
G1 X-11.459 Y12.265
G1 X-11.411 Y12.485
G1 X-11.357 Y12.702
G1 X-11.297 Y12.915
G1 X-11.229 Y13.125
G1 X-11.156 Y13.331
G1 X-11.077 Y13.532
G1 X-10.99 Y13.728
G1 X-10.897 Y13.919
G1 X-10.797 Y14.104
G1 X-10.691 Y14.282
G1 X-10.576 Y14.453
G1 X-10.456 Y14.617
G1 X-10.328 Y14.773
G1 X-10.193 Y14.921
G1 X-10.051 Y15.06
G1 X-9.815 Y15.257
M5
G0 X15.007 Y15.137
M3
G1 X15.785 Y14.422
M5
G0 X-32.302 Y13.229
M3
G1 X-32.358 Y13.084
G1 X-32.411 Y12.942
G1 X-32.464 Y12.802
G1 X-32.514 Y12.662
G1 X-32.561 Y12.522
G1 X-32.603 Y12.382
G1 X-32.641 Y12.24
G1 X-32.673 Y12.096
G1 X-32.699 Y11.95
G1 X-32.719 Y11.799
G1 X-32.731 Y11.645
G1 X-32.735 Y11.485
G1 X-32.729 Y11.32
G1 X-32.722 Y11.191
G1 X-32.713 Y11.069
G1 X-32.704 Y10.952
G1 X-32.695 Y10.84
G1 X-32.686 Y10.73
G1 X-32.676 Y10.621
G1 X-32.666 Y10.511
G1 X-32.655 Y10.398
G1 X-32.643 Y10.281
G1 X-32.631 Y10.159
G1 X-32.619 Y10.028
G1 X-32.606 Y9.889
G1 X-32.572 Y9.568
G1 X-32.527 Y9.252
G1 X-32.473 Y8.94
G1 X-32.409 Y8.631
G1 X-32.337 Y8.327
G1 X-32.254 Y8.026
G1 X-32.164 Y7.728
G1 X-32.065 Y7.433
G1 X-31.959 Y7.141
G1 X-31.845 Y6.852
G1 X-31.724 Y6.565
G1 X-31.598 Y6.281
G1 X-31.464 Y5.998
G1 X-31.325 Y5.717
G1 X-31.18 Y5.438
G1 X-31.031 Y5.161
G1 X-30.876 Y4.884
G1 X-30.717 Y4.609
G1 X-30.554 Y4.334
G1 X-30.388 Y4.06
G1 X-30.218 Y3.786
G1 X-30.046 Y3.513
G1 X-29.871 Y3.239
G1 X-29.694 Y2.966
G1 X-29.515 Y2.691
G1 X-29.335 Y2.416
G1 X-29.151 Y2.135
G1 X-28.923 Y1.782
G1 X-28.698 Y1.422
G1 X-28.478 Y1.056
G1 X-28.263 Y0.684
G1 X-28.053 Y0.308
G1 X-27.849 Y-0.071
G1 X-27.651 Y-0.454
G1 X-27.461 Y-0.838
G1 X-27.279 Y-1.223
G1 X-27.105 Y-1.608
G1 X-26.942 Y-1.993
G1 X-26.787 Y-2.375
G1 X-26.645 Y-2.755
G1 X-26.598 Y-2.882
G1 X-26.552 Y-3.003
G1 X-26.509 Y-3.118
G1 X-26.47 Y-3.228
G1 X-26.433 Y-3.335
G1 X-26.402 Y-3.439
G1 X-26.377 Y-3.541
G1 X-26.358 Y-3.643
G1 X-26.346 Y-3.744
G1 X-26.343 Y-3.846
G1 X-26.348 Y-3.949
G1 X-26.363 Y-4.055
G1 X-26.383 Y-4.135
G1 X-26.41 Y-4.208
G1 X-26.443 Y-4.273
G1 X-26.482 Y-4.333
G1 X-26.527 Y-4.386
G1 X-26.577 Y-4.436
G1 X-26.631 Y-4.481
G1 X-26.689 Y-4.523
G1 X-26.752 Y-4.562
G1 X-26.816 Y-4.6
G1 X-26.883 Y-4.636
G1 X-26.952 Y-4.672
G1 X-27.022 Y-4.709
G1 X-27.093 Y-4.747
G1 X-27.164 Y-4.786
G1 X-27.235 Y-4.828
G1 X-27.306 Y-4.874
G1 X-27.374 Y-4.923
G1 X-27.477 Y-5.0
G1 X-27.585 Y-5.082
G1 X-27.698 Y-5.166
G1 X-27.816 Y-5.252
G1 X-27.933 Y-5.338
G1 X-28.051 Y-5.423
G1 X-28.165 Y-5.506
G1 X-28.277 Y-5.585
G1 X-28.383 Y-5.659
G1 X-28.63 Y-5.835
G1 X-28.865 Y-6.014
G1 X-29.092 Y-6.197
G1 X-29.309 Y-6.384
G1 X-29.52 Y-6.576
G1 X-29.723 Y-6.774
G1 X-29.922 Y-6.978
G1 X-30.115 Y-7.19
G1 X-30.304 Y-7.41
G1 X-30.49 Y-7.638
G1 X-30.674 Y-7.876
G1 X-30.856 Y-8.123
G1 X-31.013 Y-8.339
G1 X-31.175 Y-8.556
G1 X-31.34 Y-8.775
G1 X-31.509 Y-8.995
G1 X-31.679 Y-9.217
G1 X-31.85 Y-9.44
G1 X-32.022 Y-9.666
G1 X-32.194 Y-9.893
G1 X-32.366 Y-10.121
G1 X-32.534 Y-10.351
G1 X-32.7 Y-10.583
G1 X-32.864 Y-10.817
G1 X-33.022 Y-11.053
G1 X-33.176 Y-11.29
G1 X-33.324 Y-11.529
G1 X-33.466 Y-11.77
G1 X-33.6 Y-12.012
G1 X-33.727 Y-12.257
G1 X-33.844 Y-12.503
G1 X-33.951 Y-12.751
G1 X-34.05 Y-13.001
G1 X-34.136 Y-13.253
G1 X-34.168 Y-13.372
G1 X-34.193 Y-13.495
G1 X-34.212 Y-13.622
G1 X-34.225 Y-13.753
G1 X-34.231 Y-13.887
G1 X-34.232 Y-14.024
G1 X-34.229 Y-14.164
G1 X-34.222 Y-14.305
G1 X-34.212 Y-14.448
G1 X-34.2 Y-14.592
G1 X-34.187 Y-14.737
G1 X-34.171 Y-14.882
G1 X-34.155 Y-15.028
G1 X-34.141 Y-15.173
G1 X-34.126 Y-15.317
G1 X-34.112 Y-15.46
G1 X-34.102 Y-15.602
G1 X-34.094 Y-15.742
G1 X-34.089 Y-15.88
G1 X-34.088 Y-16.015
G1 X-34.092 Y-16.146
G1 X-34.102 Y-16.275
G1 X-34.117 Y-16.399
G1 X-34.14 Y-16.52
G1 X-34.17 Y-16.635
G1 X-34.208 Y-16.746
G1 X-34.254 Y-16.851
G1 X-34.374 Y-17.043
G1 X-34.448 Y-17.127
G1 X-34.525 Y-17.2
G1 X-34.608 Y-17.263
G1 X-34.695 Y-17.316
G1 X-34.785 Y-17.36
G1 X-34.88 Y-17.394
G1 X-34.978 Y-17.419
G1 X-35.079 Y-17.437
G1 X-35.183 Y-17.446
G1 X-35.289 Y-17.447
G1 X-35.397 Y-17.441
G1 X-35.506 Y-17.429
G1 X-35.618 Y-17.41
G1 X-35.73 Y-17.385
G1 X-35.843 Y-17.354
G1 X-35.957 Y-17.319
G1 X-36.07 Y-17.278
G1 X-36.183 Y-17.233
G1 X-36.297 Y-17.184
G1 X-36.408 Y-17.132
G1 X-36.519 Y-17.076
G1 X-36.628 Y-17.017
G1 X-36.736 Y-16.956
G1 X-36.841 Y-16.894
G1 X-36.944 Y-16.829
G1 X-37.043 Y-16.763
G1 X-37.14 Y-16.697
G1 X-37.234 Y-16.63
G1 X-37.324 Y-16.563
G1 X-37.409 Y-16.497
G1 X-37.49 Y-16.431
G1 X-37.588 Y-16.349
G1 X-37.743 Y-16.211
G1 X-37.894 Y-16.071
G1 X-38.042 Y-15.929
G1 X-38.186 Y-15.783
G1 X-38.324 Y-15.634
G1 X-38.459 Y-15.481
G1 X-38.586 Y-15.323
G1 X-38.709 Y-15.16
G1 X-38.824 Y-14.991
G1 X-38.934 Y-14.816
G1 X-39.036 Y-14.634
G1 X-39.129 Y-14.445
G1 X-39.213 Y-14.255
G1 X-39.286 Y-14.063
G1 X-39.348 Y-13.87
G1 X-39.402 Y-13.676
G1 X-39.448 Y-13.48
G1 X-39.487 Y-13.282
G1 X-39.52 Y-13.083
G1 X-39.549 Y-12.882
G1 X-39.574 Y-12.679
G1 X-39.595 Y-12.475
G1 X-39.615 Y-12.268
G1 X-39.633 Y-12.06
G1 X-39.645 Y-11.899
G1 X-39.655 Y-11.745
G1 X-39.663 Y-11.595
G1 X-39.667 Y-11.446
G1 X-39.668 Y-11.297
G1 X-39.664 Y-11.144
G1 X-39.657 Y-10.986
G1 X-39.651 Y-10.853
G1 X-39.647 Y-10.718
G1 X-39.645 Y-10.583
G1 X-39.642 Y-10.446
G1 X-39.639 Y-10.31
G1 X-39.634 Y-10.173
G1 X-39.626 Y-10.036
G1 X-39.614 Y-9.899
G1 X-39.597 Y-9.762
G1 X-39.575 Y-9.626
G1 X-39.546 Y-9.49
G1 X-39.509 Y-9.355
G1 X-39.462 Y-9.222
G1 X-39.407 Y-9.089
G1 X-39.34 Y-8.958
G1 X-39.255 Y-8.815
G1 X-39.163 Y-8.68
G1 X-39.066 Y-8.553
G1 X-38.963 Y-8.432
G1 X-38.856 Y-8.317
G1 X-38.745 Y-8.207
G1 X-38.631 Y-8.102
G1 X-38.514 Y-8.001
G1 X-38.396 Y-7.902
G1 X-38.275 Y-7.806
G1 X-38.153 Y-7.712
G1 X-38.031 Y-7.619
G1 X-37.911 Y-7.526
G1 X-37.79 Y-7.432
G1 X-37.67 Y-7.337
G1 X-37.554 Y-7.239
G1 X-37.438 Y-7.14
G1 X-37.239 Y-6.956
G1 X-37.048 Y-6.771
G1 X-36.864 Y-6.583
G1 X-36.687 Y-6.393
G1 X-36.518 Y-6.199
G1 X-36.355 Y-6.001
G1 X-36.199 Y-5.799
G1 X-36.049 Y-5.591
G1 X-35.905 Y-5.378
G1 X-35.769 Y-5.159
G1 X-35.638 Y-4.932
G1 X-35.512 Y-4.699
G1 X-35.391 Y-4.458
G1 X-35.276 Y-4.208
G1 X-35.166 Y-3.949
G1 X-35.06 Y-3.681
G1 X-34.959 Y-3.402
G1 X-34.863 Y-3.113
G1 X-34.778 Y-2.837
G1 X-34.696 Y-2.55
G1 X-34.619 Y-2.253
G1 X-34.544 Y-1.946
G1 X-34.472 Y-1.632
G1 X-34.404 Y-1.31
G1 X-34.339 Y-0.982
G1 X-34.277 Y-0.648
G1 X-34.218 Y-0.309
G1 X-34.161 Y0.033
G1 X-34.106 Y0.378
G1 X-34.055 Y0.726
G1 X-34.005 Y1.075
G1 X-33.958 Y1.424
G1 X-33.911 Y1.773
G1 X-33.867 Y2.12
G1 X-33.826 Y2.465
G1 X-33.786 Y2.807
G1 X-33.747 Y3.145
G1 X-33.71 Y3.478
G1 X-33.674 Y3.805
G1 X-33.639 Y4.126
G1 X-33.605 Y4.44
G1 X-33.572 Y4.745
G1 X-33.54 Y5.04
G1 X-33.492 Y5.475
G1 X-33.481 Y5.59
G1 X-33.475 Y5.698
G1 X-33.472 Y5.798
G1 X-33.473 Y5.892
G1 X-33.478 Y5.981
G1 X-33.486 Y6.065
G1 X-33.495 Y6.145
G1 X-33.506 Y6.221
G1 X-33.52 Y6.295
G1 X-33.534 Y6.367
G1 X-33.549 Y6.438
G1 X-33.564 Y6.509
G1 X-33.581 Y6.581
G1 X-33.595 Y6.653
G1 X-33.61 Y6.728
G1 X-33.622 Y6.805
G1 X-33.633 Y6.886
G1 X-33.642 Y6.971
G1 X-33.649 Y7.061
G1 X-33.652 Y7.157
G1 X-33.652 Y7.259
G1 X-33.649 Y7.369
G1 X-33.641 Y7.486
G1 X-33.611 Y7.742
M5
G0 X-7.957 Y13.11
M3
G1 X-8.094 Y12.953
G1 X-8.22 Y12.802
G1 X-8.337 Y12.655
G1 X-8.445 Y12.513
G1 X-8.544 Y12.374
G1 X-8.634 Y12.238
G1 X-8.715 Y12.105
G1 X-8.789 Y11.975
G1 X-8.854 Y11.846
G1 X-8.913 Y11.719
G1 X-8.964 Y11.594
G1 X-9.009 Y11.469
G1 X-9.047 Y11.344
G1 X-9.08 Y11.219
G1 X-9.107 Y11.094
G1 X-9.127 Y10.967
G1 X-9.143 Y10.84
G1 X-9.154 Y10.71
G1 X-9.16 Y10.578
G1 X-9.163 Y10.444
G1 X-9.162 Y10.306
G1 X-9.156 Y10.165
G1 X-9.148 Y10.02
G1 X-9.137 Y9.87
G1 X-9.123 Y9.716
G1 X-9.107 Y9.557
G1 X-9.089 Y9.392
G1 X-9.07 Y9.221
G1 X-9.048 Y9.043
G1 X-9.027 Y8.859
G1 X-9.004 Y8.667
G1 X-8.98 Y8.457
G1 X-8.952 Y8.254
G1 X-8.914 Y8.049
G1 X-8.866 Y7.841
G1 X-8.808 Y7.632
G1 X-8.74 Y7.422
G1 X-8.664 Y7.212
G1 X-8.579 Y7.003
G1 X-8.485 Y6.794
G1 X-8.384 Y6.587
G1 X-8.274 Y6.382
G1 X-8.159 Y6.18
G1 X-8.034 Y5.981
G1 X-7.904 Y5.786
G1 X-7.767 Y5.595
G1 X-7.601 Y5.378
G1 X-7.427 Y5.168
G1 X-7.247 Y4.966
G1 X-7.062 Y4.769
G1 X-6.873 Y4.578
G1 X-6.678 Y4.392
G1 X-6.48 Y4.209
G1 X-6.279 Y4.031
G1 X-6.075 Y3.855
G1 X-5.87 Y3.681
G1 X-5.663 Y3.508
G1 X-5.455 Y3.337
G1 X-5.247 Y3.165
G1 X-5.039 Y2.993
G1 X-4.832 Y2.82
G1 X-4.626 Y2.645
G1 X-4.423 Y2.468
G1 X-4.303 Y2.36
G1 X-4.182 Y2.243
G1 X-4.059 Y2.118
G1 X-3.935 Y1.986
G1 X-3.81 Y1.849
G1 X-3.683 Y1.708
G1 X-3.559 Y1.565
G1 X-3.434 Y1.419
G1 X-3.311 Y1.274
G1 X-3.191 Y1.129
G1 X-3.072 Y0.986
G1 X-2.957 Y0.847
G1 X-2.846 Y0.712
G1 X-2.74 Y0.582
G1 X-2.638 Y0.46
G1 X-2.541 Y0.346
G1 X-2.473 Y0.261
G1 X-2.413 Y0.178
G1 X-2.361 Y0.099
G1 X-2.314 Y0.022
G1 X-2.271 Y-0.053
G1 X-2.231 Y-0.127
G1 X-2.192 Y-0.198
G1 X-2.15 Y-0.269
G1 X-2.107 Y-0.339
G1 X-2.06 Y-0.408
G1 X-2.006 Y-0.477
G1 X-1.944 Y-0.547
G1 X-1.874 Y-0.616
G1 X-1.802 Y-0.677
G1 X-1.722 Y-0.735
G1 X-1.633 Y-0.793
G1 X-1.538 Y-0.85
G1 X-1.438 Y-0.907
G1 X-1.334 Y-0.965
G1 X-1.226 Y-1.025
G1 X-1.119 Y-1.086
G1 X-1.01 Y-1.15
G1 X-0.904 Y-1.217
G1 X-0.798 Y-1.289
G1 X-0.698 Y-1.365
G1 X-0.6 Y-1.446
G1 X-0.267 Y-1.752
G1 X0.061 Y-2.067
G1 X0.384 Y-2.389
G1 X0.701 Y-2.719
G1 X1.014 Y-3.054
G1 X1.322 Y-3.395
G1 X1.626 Y-3.74
G1 X1.926 Y-4.089
G1 X2.223 Y-4.442
G1 X2.517 Y-4.797
G1 X2.807 Y-5.153
G1 X3.095 Y-5.511
G1 X3.381 Y-5.869
G1 X3.666 Y-6.226
G1 X3.949 Y-6.582
G1 X4.231 Y-6.937
G1 X4.512 Y-7.288
G1 X4.745 Y-7.587
G1 X4.969 Y-7.891
G1 X5.185 Y-8.2
G1 X5.395 Y-8.513
G1 X5.597 Y-8.829
G1 X5.795 Y-9.148
G1 X5.989 Y-9.47
G1 X6.177 Y-9.793
G1 X6.363 Y-10.117
G1 X6.547 Y-10.443
G1 X6.728 Y-10.768
G1 X6.91 Y-11.093
G1 X7.091 Y-11.417
G1 X7.272 Y-11.739
G1 X7.456 Y-12.06
G1 X7.547 Y-12.224
G1 X7.634 Y-12.39
G1 X7.716 Y-12.56
G1 X7.794 Y-12.732
G1 X7.869 Y-12.906
G1 X7.942 Y-13.081
G1 X8.015 Y-13.257
G1 X8.085 Y-13.434
G1 X8.157 Y-13.611
G1 X8.228 Y-13.788
G1 X8.302 Y-13.964
G1 X8.377 Y-14.139
G1 X8.454 Y-14.313
G1 X8.536 Y-14.485
G1 X8.622 Y-14.654
G1 X8.712 Y-14.821
G1 X8.808 Y-14.985
G1 X8.911 Y-15.146
G1 X9.02 Y-15.303
G1 X9.137 Y-15.455
G1 X9.263 Y-15.603
G1 X9.398 Y-15.745
G1 X9.526 Y-15.866
G1 X9.659 Y-15.977
G1 X9.798 Y-16.078
G1 X9.94 Y-16.17
G1 X10.087 Y-16.254
G1 X10.238 Y-16.329
G1 X10.391 Y-16.395
G1 X10.55 Y-16.454
G1 X10.709 Y-16.506
G1 X10.872 Y-16.55
G1 X11.036 Y-16.587
G1 X11.203 Y-16.618
G1 X11.371 Y-16.643
G1 X11.541 Y-16.662
G1 X11.71 Y-16.675
G1 X11.881 Y-16.683
G1 X12.051 Y-16.686
G1 X12.221 Y-16.685
G1 X12.39 Y-16.68
G1 X12.559 Y-16.67
G1 X12.726 Y-16.657
G1 X12.892 Y-16.641
G1 X13.056 Y-16.622
G1 X13.217 Y-16.601
G1 X13.377 Y-16.577
G1 X13.533 Y-16.551
G1 X13.686 Y-16.524
G1 X13.834 Y-16.495
G1 X13.98 Y-16.466
G1 X14.12 Y-16.436
G1 X14.256 Y-16.406
G1 X14.423 Y-16.367
G1 X14.506 Y-16.348
G1 X14.593 Y-16.328
G1 X14.683 Y-16.308
G1 X14.775 Y-16.287
G1 X14.869 Y-16.264
G1 X14.964 Y-16.241
G1 X15.061 Y-16.216
G1 X15.158 Y-16.189
G1 X15.255 Y-16.16
G1 X15.351 Y-16.129
G1 X15.447 Y-16.096
G1 X15.541 Y-16.061
G1 X15.633 Y-16.022
G1 X15.723 Y-15.981
G1 X15.809 Y-15.937
G1 X15.892 Y-15.889
G1 X15.972 Y-15.838
G1 X16.046 Y-15.783
G1 X16.116 Y-15.724
G1 X16.18 Y-15.661
G1 X16.238 Y-15.594
G1 X16.29 Y-15.522
G1 X16.334 Y-15.446
G1 X16.372 Y-15.365
G1 X16.402 Y-15.278
G1 X16.422 Y-15.186
G1 X16.434 Y-15.089
G1 X16.436 Y-14.986
G1 X16.418 Y-14.803
G1 X16.396 Y-14.694
G1 X16.363 Y-14.59
G1 X16.325 Y-14.491
G1 X16.279 Y-14.397
G1 X16.225 Y-14.308
G1 X16.166 Y-14.224
G1 X16.101 Y-14.144
G1 X16.031 Y-14.067
G1 X15.955 Y-13.994
G1 X15.876 Y-13.925
G1 X15.794 Y-13.859
G1 X15.708 Y-13.795
G1 X15.619 Y-13.734
G1 X15.527 Y-13.675
G1 X15.435 Y-13.618
G1 X15.341 Y-13.563
G1 X15.247 Y-13.51
G1 X15.062 Y-13.404
G1 X14.886 Y-13.299
G1 X14.717 Y-13.195
G1 X14.557 Y-13.091
G1 X14.405 Y-12.985
G1 X14.26 Y-12.879
G1 X14.121 Y-12.769
G1 X13.989 Y-12.658
G1 X13.863 Y-12.542
G1 X13.744 Y-12.423
G1 X13.629 Y-12.299
G1 X13.52 Y-12.17
G1 X13.416 Y-12.034
G1 X13.315 Y-11.892
G1 X13.22 Y-11.743
G1 X13.128 Y-11.586
G1 X13.039 Y-11.421
G1 X12.954 Y-11.246
G1 X12.871 Y-11.062
G1 X12.791 Y-10.867
G1 X12.692 Y-10.61
G1 X12.6 Y-10.351
G1 X12.513 Y-10.092
G1 X12.429 Y-9.831
G1 X12.349 Y-9.57
G1 X12.27 Y-9.309
G1 X12.193 Y-9.047
G1 X12.114 Y-8.784
G1 X12.034 Y-8.522
G1 X11.951 Y-8.259
G1 X11.864 Y-7.997
G1 X11.772 Y-7.735
G1 X11.674 Y-7.473
G1 X11.569 Y-7.212
G1 X11.456 Y-6.951
G1 X11.333 Y-6.692
G1 X11.026 Y-6.057
G1 X10.727 Y-5.425
G1 X10.436 Y-4.795
G1 X10.15 Y-4.165
G1 X9.871 Y-3.536
G1 X9.598 Y-2.907
G1 X9.328 Y-2.276
G1 X9.061 Y-1.643
G1 X8.794 Y-1.008
G1 X8.529 Y-0.37
G1 X8.312 Y0.151
G1 X8.089 Y0.671
G1 X7.861 Y1.19
G1 X7.625 Y1.707
G1 X7.381 Y2.221
G1 X7.127 Y2.732
G1 X7.046 Y2.895
G1 X6.962 Y3.066
G1 X6.875 Y3.245
G1 X6.789 Y3.43
G1 X6.7 Y3.621
G1 X6.612 Y3.818
G1 X6.522 Y4.019
G1 X6.434 Y4.224
G1 X6.346 Y4.432
G1 X6.259 Y4.643
G1 X6.172 Y4.855
G1 X6.088 Y5.069
G1 X6.005 Y5.282
G1 X5.925 Y5.496
G1 X5.848 Y5.708
G1 X5.772 Y5.918
G1 X5.701 Y6.126
G1 X5.634 Y6.33
G1 X5.572 Y6.531
G1 X5.512 Y6.727
G1 X5.459 Y6.918
G1 X5.411 Y7.102
G1 X5.368 Y7.28
G1 X5.331 Y7.45
G1 X5.301 Y7.612
G1 X5.265 Y7.861
M5
G0 X-25.581 Y12.752
M3
G1 X-25.357 Y12.748
G1 X-25.135 Y12.739
G1 X-24.911 Y12.722
G1 X-24.687 Y12.698
G1 X-24.462 Y12.667
G1 X-24.239 Y12.629
G1 X-24.015 Y12.583
G1 X-23.791 Y12.53
G1 X-23.568 Y12.468
G1 X-23.345 Y12.398
G1 X-23.123 Y12.32
G1 X-22.902 Y12.234
G1 X-22.682 Y12.138
G1 X-22.464 Y12.034
G1 X-22.247 Y11.92
G1 X-22.031 Y11.797
G1 X-21.817 Y11.665
G1 X-21.605 Y11.523
G1 X-21.395 Y11.371
G1 X-21.187 Y11.209
G1 X-20.982 Y11.036
G1 X-20.779 Y10.853
G1 X-20.579 Y10.66
G1 X-20.192 Y10.247
G1 X-20.077 Y10.111
G1 X-19.958 Y9.969
G1 X-19.839 Y9.82
G1 X-19.718 Y9.665
G1 X-19.597 Y9.505
G1 X-19.475 Y9.341
G1 X-19.353 Y9.172
G1 X-19.231 Y9.0
G1 X-19.11 Y8.824
G1 X-18.991 Y8.647
G1 X-18.872 Y8.467
G1 X-18.754 Y8.287
G1 X-18.639 Y8.105
G1 X-18.526 Y7.924
G1 X-18.415 Y7.743
G1 X-18.309 Y7.563
G1 X-18.204 Y7.384
G1 X-18.104 Y7.208
G1 X-18.007 Y7.035
G1 X-17.916 Y6.864
G1 X-17.828 Y6.698
G1 X-17.746 Y6.536
G1 X-17.669 Y6.38
G1 X-17.597 Y6.228
G1 X-17.532 Y6.083
G1 X-17.473 Y5.945
G1 X-17.421 Y5.814
G1 X-17.376 Y5.691
G1 X-17.309 Y5.475
M5
G0 X82.773 Y12.275
M3
G1 X82.483 Y12.12
G1 X82.197 Y11.956
G1 X81.915 Y11.781
G1 X81.637 Y11.599
G1 X81.364 Y11.408
G1 X81.095 Y11.21
G1 X80.83 Y11.006
G1 X80.569 Y10.796
G1 X80.313 Y10.581
G1 X80.06 Y10.362
G1 X79.813 Y10.14
G1 X79.57 Y9.915
G1 X79.33 Y9.688
G1 X79.095 Y9.461
G1 X78.865 Y9.233
G1 X78.639 Y9.005
G1 X78.418 Y8.779
G1 X78.201 Y8.555
G1 X77.988 Y8.333
G1 X77.784 Y8.115
G1 X77.581 Y7.886
G1 X77.379 Y7.648
G1 X77.176 Y7.402
G1 X76.977 Y7.149
G1 X76.777 Y6.889
G1 X76.58 Y6.623
G1 X76.384 Y6.353
G1 X76.19 Y6.079
G1 X75.998 Y5.802
G1 X75.81 Y5.522
G1 X75.623 Y5.242
G1 X75.439 Y4.961
G1 X75.258 Y4.681
G1 X75.081 Y4.402
G1 X74.813 Y3.972
G1 X74.554 Y3.545
G1 X74.302 Y3.118
G1 X74.058 Y2.691
G1 X73.82 Y2.263
G1 X73.588 Y1.834
G1 X73.361 Y1.401
G1 X73.14 Y0.964
G1 X72.921 Y0.523
G1 X72.707 Y0.076
G1 X72.496 Y-0.378
G1 X72.287 Y-0.839
G1 X72.081 Y-1.309
G1 X71.874 Y-1.788
G1 X71.669 Y-2.278
G1 X71.631 Y-2.372
G1 X71.589 Y-2.474
G1 X71.545 Y-2.583
G1 X71.499 Y-2.697
G1 X71.45 Y-2.816
G1 X71.401 Y-2.939
G1 X71.351 Y-3.064
G1 X71.3 Y-3.19
G1 X71.249 Y-3.317
G1 X71.198 Y-3.444
G1 X71.149 Y-3.568
G1 X71.1 Y-3.69
G1 X71.053 Y-3.809
G1 X71.008 Y-3.922
G1 X70.965 Y-4.029
G1 X70.926 Y-4.13
G1 X70.889 Y-4.222
G1 X70.857 Y-4.306
G1 X70.819 Y-4.398
G1 X70.781 Y-4.48
G1 X70.744 Y-4.552
G1 X70.708 Y-4.614
G1 X70.671 Y-4.669
G1 X70.637 Y-4.715
G1 X70.601 Y-4.755
G1 X70.567 Y-4.79
G1 X70.533 Y-4.819
G1 X70.499 Y-4.845
G1 X70.465 Y-4.868
G1 X70.432 Y-4.888
G1 X70.397 Y-4.908
G1 X70.365 Y-4.927
G1 X70.332 Y-4.946
G1 X70.299 Y-4.967
G1 X70.265 Y-4.99
G1 X70.232 Y-5.016
G1 X70.199 Y-5.047
G1 X70.165 Y-5.082
G1 X70.13 Y-5.123
G1 X70.096 Y-5.171
G1 X70.062 Y-5.226
G1 X70.027 Y-5.29
G1 X69.961 Y-5.436
G1 X69.949 Y-5.469
G1 X69.939 Y-5.512
G1 X69.931 Y-5.563
G1 X69.923 Y-5.623
G1 X69.916 Y-5.689
G1 X69.909 Y-5.761
G1 X69.904 Y-5.838
G1 X69.899 Y-5.918
G1 X69.894 Y-6.0
G1 X69.89 Y-6.083
G1 X69.887 Y-6.166
G1 X69.885 Y-6.247
G1 X69.882 Y-6.327
G1 X69.88 Y-6.403
G1 X69.878 Y-6.474
G1 X69.877 Y-6.54
G1 X69.875 Y-6.599
G1 X69.875 Y-6.65
G1 X69.873 Y-6.692
G1 X69.863 Y-6.937
G1 X69.847 Y-7.179
G1 X69.827 Y-7.417
G1 X69.804 Y-7.652
G1 X69.782 Y-7.887
G1 X69.761 Y-8.122
G1 X69.742 Y-8.357
G1 X69.729 Y-8.594
G1 X69.723 Y-8.834
G1 X69.726 Y-9.078
G1 X69.729 Y-9.238
G1 X69.729 Y-9.389
G1 X69.726 Y-9.532
G1 X69.719 Y-9.666
G1 X69.71 Y-9.795
G1 X69.699 Y-9.918
G1 X69.685 Y-10.037
G1 X69.669 Y-10.154
G1 X69.652 Y-10.268
G1 X69.635 Y-10.382
G1 X69.616 Y-10.497
G1 X69.597 Y-10.614
G1 X69.577 Y-10.733
G1 X69.558 Y-10.857
G1 X69.539 Y-10.986
M5
G0 X-25.414 Y10.843
M3
G1 X-25.213 Y10.784
G1 X-25.007 Y10.719
G1 X-24.795 Y10.647
G1 X-24.58 Y10.568
G1 X-24.359 Y10.482
G1 X-24.136 Y10.39
G1 X-23.911 Y10.291
G1 X-23.685 Y10.185
G1 X-23.459 Y10.072
G1 X-23.233 Y9.953
G1 X-23.009 Y9.826
G1 X-22.787 Y9.693
G1 X-22.568 Y9.553
G1 X-22.353 Y9.406
G1 X-22.142 Y9.252
G1 X-21.937 Y9.091
G1 X-21.74 Y8.923
G1 X-21.548 Y8.748
G1 X-21.366 Y8.566
G1 X-21.192 Y8.381
G1 X-21.017 Y8.188
G1 X-20.843 Y7.987
G1 X-20.668 Y7.779
G1 X-20.494 Y7.564
G1 X-20.321 Y7.343
G1 X-20.151 Y7.116
G1 X-19.982 Y6.884
G1 X-19.817 Y6.648
G1 X-19.655 Y6.407
G1 X-19.495 Y6.163
G1 X-19.34 Y5.915
G1 X-19.191 Y5.665
G1 X-19.047 Y5.413
G1 X-18.907 Y5.159
G1 X-18.774 Y4.904
G1 X-18.648 Y4.648
G1 X-18.528 Y4.393
G1 X-18.417 Y4.137
G1 X-18.314 Y3.883
G1 X-18.219 Y3.63
G1 X-18.133 Y3.379
G1 X-18.056 Y3.13
G1 X-17.989 Y2.884
G1 X-17.934 Y2.642
G1 X-17.884 Y2.374
G1 X-17.849 Y2.14
G1 X-17.822 Y1.914
G1 X-17.803 Y1.695
G1 X-17.791 Y1.481
G1 X-17.785 Y1.272
G1 X-17.785 Y1.067
G1 X-17.793 Y0.864
G1 X-17.805 Y0.662
G1 X-17.823 Y0.46
G1 X-17.847 Y0.257
G1 X-17.877 Y0.052
G1 X-17.91 Y-0.157
G1 X-17.949 Y-0.37
G1 X-17.989 Y-0.556
G1 X-18.041 Y-0.737
G1 X-18.103 Y-0.914
G1 X-18.174 Y-1.086
G1 X-18.254 Y-1.254
G1 X-18.343 Y-1.418
G1 X-18.438 Y-1.578
G1 X-18.541 Y-1.734
G1 X-18.65 Y-1.887
G1 X-18.765 Y-2.036
G1 X-18.885 Y-2.181
G1 X-19.009 Y-2.323
G1 X-19.137 Y-2.462
G1 X-19.268 Y-2.598
G1 X-19.401 Y-2.731
G1 X-19.536 Y-2.861
G1 X-19.673 Y-2.988
G1 X-19.809 Y-3.113
G1 X-19.946 Y-3.236
G1 X-20.081 Y-3.356
G1 X-20.216 Y-3.474
G1 X-20.348 Y-3.59
G1 X-20.478 Y-3.705
G1 X-20.604 Y-3.817
G1 X-20.726 Y-3.928
G1 X-20.844 Y-4.038
G1 X-20.997 Y-4.187
M5
G0 X2.764 Y9.173
M3
G1 X2.784 Y9.075
G1 X2.804 Y8.982
G1 X2.826 Y8.893
G1 X2.849 Y8.806
G1 X2.874 Y8.721
G1 X2.901 Y8.637
G1 X2.932 Y8.553
G1 X2.965 Y8.467
G1 X3.001 Y8.38
G1 X3.041 Y8.289
G1 X3.085 Y8.194
G1 X3.134 Y8.094
G1 X3.187 Y7.988
G1 X3.245 Y7.874
G1 X3.309 Y7.753
G1 X3.377 Y7.622
M5
G0 X-37.102 Y8.1
M3
G1 X-37.215 Y7.906
G1 X-37.322 Y7.703
G1 X-37.423 Y7.49
G1 X-37.518 Y7.269
G1 X-37.608 Y7.039
G1 X-37.692 Y6.802
G1 X-37.772 Y6.558
G1 X-37.846 Y6.308
G1 X-37.916 Y6.052
G1 X-37.983 Y5.791
G1 X-38.044 Y5.526
G1 X-38.103 Y5.257
G1 X-38.158 Y4.984
G1 X-38.209 Y4.71
G1 X-38.258 Y4.433
G1 X-38.305 Y4.156
G1 X-38.348 Y3.877
G1 X-38.39 Y3.599
G1 X-38.429 Y3.321
G1 X-38.466 Y3.045
G1 X-38.503 Y2.77
G1 X-38.539 Y2.498
G1 X-38.573 Y2.229
G1 X-38.606 Y1.964
G1 X-38.639 Y1.703
G1 X-38.673 Y1.448
G1 X-38.706 Y1.198
G1 X-38.74 Y0.942
G1 X-38.768 Y0.761
G1 X-38.794 Y0.591
G1 X-38.82 Y0.431
G1 X-38.847 Y0.281
G1 X-38.874 Y0.14
G1 X-38.904 Y0.006
G1 X-38.934 Y-0.119
G1 X-38.965 Y-0.239
G1 X-38.998 Y-0.352
G1 X-39.034 Y-0.46
G1 X-39.072 Y-0.565
G1 X-39.113 Y-0.665
G1 X-39.156 Y-0.763
G1 X-39.203 Y-0.859
G1 X-39.254 Y-0.953
G1 X-39.307 Y-1.047
G1 X-39.366 Y-1.142
G1 X-39.429 Y-1.237
G1 X-39.495 Y-1.334
G1 X-39.568 Y-1.434
G1 X-39.645 Y-1.537
G1 X-39.727 Y-1.645
G1 X-39.815 Y-1.757
G1 X-39.91 Y-1.875
G1 X-40.01 Y-1.999
G1 X-40.141 Y-2.159
M5
G0 X70.246 Y5.475
M3
G1 X70.155 Y5.198
G1 X70.067 Y4.91
G1 X69.984 Y4.614
G1 X69.906 Y4.31
G1 X69.832 Y3.998
G1 X69.763 Y3.68
G1 X69.699 Y3.357
G1 X69.64 Y3.03
G1 X69.586 Y2.699
G1 X69.537 Y2.366
G1 X69.494 Y2.031
G1 X69.457 Y1.695
G1 X69.425 Y1.36
G1 X69.399 Y1.026
G1 X69.379 Y0.693
G1 X69.366 Y0.364
G1 X69.36 Y0.039
G1 X69.359 Y-0.281
G1 X69.365 Y-0.596
G1 X69.379 Y-0.904
G1 X69.399 Y-1.205
G1 X69.408 Y-1.32
G1 X69.416 Y-1.426
G1 X69.422 Y-1.524
G1 X69.428 Y-1.618
G1 X69.43 Y-1.707
G1 X69.433 Y-1.796
G1 X69.434 Y-1.884
G1 X69.434 Y-1.975
G1 X69.432 Y-2.07
G1 X69.429 Y-2.17
G1 X69.424 Y-2.278
G1 X69.42 Y-2.397
G1 X69.418 Y-2.509
G1 X69.418 Y-2.616
G1 X69.42 Y-2.718
G1 X69.423 Y-2.818
G1 X69.427 Y-2.916
G1 X69.434 Y-3.014
G1 X69.441 Y-3.114
G1 X69.45 Y-3.215
G1 X69.46 Y-3.32
G1 X69.471 Y-3.431
G1 X69.482 Y-3.547
G1 X69.494 Y-3.672
G1 X69.507 Y-3.805
G1 X69.52 Y-3.948
G1 X69.533 Y-4.081
G1 X69.547 Y-4.203
G1 X69.562 Y-4.316
G1 X69.577 Y-4.42
G1 X69.594 Y-4.515
G1 X69.611 Y-4.603
G1 X69.63 Y-4.683
G1 X69.648 Y-4.757
G1 X69.668 Y-4.825
G1 X69.69 Y-4.888
G1 X69.711 Y-4.945
G1 X69.732 Y-4.998
G1 X69.755 Y-5.048
G1 X69.778 Y-5.094
G1 X69.801 Y-5.138
G1 X69.825 Y-5.18
G1 X69.849 Y-5.221
G1 X69.873 Y-5.26
M5
G0 X-15.289 Y0.107
M3
G1 X-15.177 Y0.137
G1 X-15.054 Y0.171
G1 X-14.922 Y0.21
G1 X-14.782 Y0.253
G1 X-14.633 Y0.3
G1 X-14.476 Y0.352
G1 X-14.313 Y0.406
G1 X-14.142 Y0.464
G1 X-13.964 Y0.526
G1 X-13.781 Y0.59
G1 X-13.592 Y0.656
G1 X-13.4 Y0.726
G1 X-13.203 Y0.797
G1 X-13.002 Y0.87
G1 X-12.799 Y0.945
G1 X-12.591 Y1.021
G1 X-12.383 Y1.099
G1 X-12.173 Y1.177
G1 X-11.962 Y1.257
G1 X-11.75 Y1.336
G1 X-11.538 Y1.416
G1 X-11.327 Y1.496
G1 X-11.117 Y1.576
G1 X-10.908 Y1.655
G1 X-10.702 Y1.734
G1 X-10.498 Y1.812
G1 X-10.296 Y1.888
G1 X-10.1 Y1.963
G1 X-9.906 Y2.036
G1 X-9.717 Y2.107
G1 X-9.534 Y2.177
G1 X-9.357 Y2.243
G1 X-9.186 Y2.308
G1 X-9.021 Y2.369
G1 X-8.864 Y2.427
G1 X-8.715 Y2.482
G1 X-8.574 Y2.533
G1 X-8.352 Y2.612
M5
G0 X64.855 Y1.658
M3
G1 X65.28 Y0.107
G1 X65.843 Y-4.187
G1 X66.138 Y-7.169
G1 X66.739 Y-11.702
M5
G0 X73.254 Y-12.537
M3
G1 X73.368 Y-12.201
G1 X73.485 Y-11.863
G1 X73.601 Y-11.524
G1 X73.719 Y-11.184
G1 X73.839 Y-10.843
G1 X73.96 Y-10.501
G1 X74.083 Y-10.16
G1 X74.208 Y-9.818
G1 X74.336 Y-9.477
G1 X74.466 Y-9.136
G1 X74.6 Y-8.796
G1 X74.737 Y-8.457
G1 X74.877 Y-8.12
G1 X75.021 Y-7.784
G1 X75.17 Y-7.45
G1 X75.323 Y-7.118
G1 X75.48 Y-6.789
G1 X75.641 Y-6.462
G1 X75.809 Y-6.138
G1 X75.982 Y-5.817
G1 X76.16 Y-5.5
G1 X76.344 Y-5.187
G1 X76.535 Y-4.878
G1 X76.731 Y-4.573
G1 X76.935 Y-4.272
G1 X77.145 Y-3.976
G1 X77.363 Y-3.686
G1 X77.589 Y-3.401
G1 X77.821 Y-3.121
G1 X78.063 Y-2.847
G1 X78.312 Y-2.579
G1 X78.57 Y-2.318
G1 X78.837 Y-2.064
G1 X79.113 Y-1.816
G1 X79.671 Y-1.359
G1 X79.887 Y-1.195
G1 X80.105 Y-1.031
G1 X80.327 Y-0.869
G1 X80.552 Y-0.708
G1 X80.779 Y-0.549
G1 X81.009 Y-0.393
G1 X81.242 Y-0.239
G1 X81.478 Y-0.089
G1 X81.715 Y0.057
G1 X81.956 Y0.2
G1 X82.199 Y0.337
G1 X82.444 Y0.469
G1 X82.691 Y0.596
G1 X82.94 Y0.717
G1 X83.192 Y0.831
G1 X83.446 Y0.939
G1 X83.702 Y1.039
G1 X83.959 Y1.131
G1 X84.219 Y1.215
G1 X84.48 Y1.291
G1 X84.742 Y1.357
G1 X85.007 Y1.414
G1 X85.273 Y1.46
G1 X85.541 Y1.497
G1 X85.81 Y1.522
G1 X86.217 Y1.539
M5
G0 X-1.975 Y-0.728
M3
G1 X-2.055 Y-0.826
G1 X-2.129 Y-0.92
G1 X-2.198 Y-1.01
G1 X-2.263 Y-1.097
G1 X-2.324 Y-1.181
G1 X-2.381 Y-1.264
G1 X-2.435 Y-1.345
G1 X-2.486 Y-1.425
G1 X-2.535 Y-1.505
G1 X-2.582 Y-1.586
G1 X-2.628 Y-1.669
G1 X-2.672 Y-1.754
G1 X-2.715 Y-1.841
G1 X-2.758 Y-1.932
G1 X-2.801 Y-2.026
G1 X-2.844 Y-2.126
G1 X-2.888 Y-2.231
G1 X-2.932 Y-2.341
G1 X-2.979 Y-2.459
G1 X-3.027 Y-2.584
G1 X-3.077 Y-2.717
G1 X-3.131 Y-2.858
G1 X-3.187 Y-3.009
G1 X-3.27 Y-3.233
G1 X-3.357 Y-3.478
G1 X-3.434 Y-3.719
G1 X-3.501 Y-3.957
G1 X-3.56 Y-4.193
G1 X-3.613 Y-4.426
G1 X-3.658 Y-4.657
G1 X-3.697 Y-4.887
G1 X-3.731 Y-5.116
G1 X-3.761 Y-5.344
G1 X-3.788 Y-5.572
G1 X-3.811 Y-5.801
G1 X-3.832 Y-6.03
G1 X-3.852 Y-6.26
G1 X-3.871 Y-6.492
G1 X-3.891 Y-6.726
G1 X-3.911 Y-6.962
G1 X-3.932 Y-7.201
G1 X-3.957 Y-7.443
G1 X-3.984 Y-7.689
G1 X-4.015 Y-7.94
G1 X-4.051 Y-8.195
G1 X-4.092 Y-8.454
G1 X-4.14 Y-8.72
G1 X-4.181 Y-8.913
G1 X-4.228 Y-9.103
G1 X-4.279 Y-9.29
G1 X-4.336 Y-9.475
G1 X-4.395 Y-9.657
G1 X-4.458 Y-9.838
G1 X-4.523 Y-10.017
G1 X-4.587 Y-10.195
G1 X-4.652 Y-10.373
G1 X-4.716 Y-10.551
G1 X-4.778 Y-10.73
G1 X-4.838 Y-10.909
G1 X-4.893 Y-11.089
G1 X-4.944 Y-11.271
G1 X-4.99 Y-11.454
G1 X-5.03 Y-11.641
G1 X-5.062 Y-11.83
G1 X-5.086 Y-12.022
G1 X-5.101 Y-12.218
G1 X-5.107 Y-12.418
G1 X-5.102 Y-12.527
G1 X-5.086 Y-12.637
G1 X-5.062 Y-12.746
G1 X-5.029 Y-12.854
G1 X-4.988 Y-12.962
G1 X-4.94 Y-13.069
G1 X-4.884 Y-13.176
G1 X-4.823 Y-13.282
G1 X-4.756 Y-13.388
G1 X-4.685 Y-13.493
G1 X-4.608 Y-13.598
G1 X-4.528 Y-13.702
G1 X-4.446 Y-13.806
G1 X-4.36 Y-13.908
G1 X-4.274 Y-14.011
G1 X-4.186 Y-14.112
G1 X-4.097 Y-14.214
G1 X-4.01 Y-14.314
G1 X-3.922 Y-14.414
G1 X-3.836 Y-14.513
G1 X-3.752 Y-14.612
G1 X-3.671 Y-14.71
G1 X-3.593 Y-14.807
G1 X-3.519 Y-14.903
G1 X-3.45 Y-14.999
G1 X-3.385 Y-15.094
G1 X-3.327 Y-15.189
G1 X-3.275 Y-15.283
G1 X-3.231 Y-15.376
G1 X-3.194 Y-15.468
G1 X-3.165 Y-15.56
G1 X-3.146 Y-15.651
G1 X-3.135 Y-15.741
G1 X-3.136 Y-15.83
G1 X-3.164 Y-15.991
G1 X-3.197 Y-16.076
G1 X-3.239 Y-16.157
G1 X-3.293 Y-16.233
G1 X-3.357 Y-16.304
G1 X-3.429 Y-16.371
G1 X-3.511 Y-16.433
G1 X-3.601 Y-16.49
G1 X-3.7 Y-16.544
G1 X-3.805 Y-16.593
G1 X-3.918 Y-16.638
G1 X-4.038 Y-16.68
G1 X-4.163 Y-16.717
G1 X-4.295 Y-16.751
G1 X-4.432 Y-16.781
G1 X-4.574 Y-16.807
G1 X-4.719 Y-16.83
G1 X-4.868 Y-16.849
G1 X-5.02 Y-16.866
G1 X-5.176 Y-16.879
G1 X-5.334 Y-16.889
G1 X-5.494 Y-16.896
G1 X-5.655 Y-16.9
G1 X-5.817 Y-16.902
G1 X-5.979 Y-16.901
G1 X-6.142 Y-16.897
G1 X-6.304 Y-16.891
G1 X-6.465 Y-16.883
G1 X-6.625 Y-16.872
G1 X-6.783 Y-16.859
G1 X-6.938 Y-16.845
G1 X-7.091 Y-16.828
G1 X-7.239 Y-16.809
G1 X-7.385 Y-16.789
G1 X-7.526 Y-16.767
G1 X-7.662 Y-16.743
G1 X-7.793 Y-16.719
G1 X-7.919 Y-16.692
G1 X-8.038 Y-16.665
G1 X-8.151 Y-16.636
G1 X-8.342 Y-16.58
G1 X-8.472 Y-16.536
G1 X-8.603 Y-16.489
G1 X-8.734 Y-16.437
G1 X-8.865 Y-16.381
G1 X-8.993 Y-16.321
G1 X-9.121 Y-16.255
G1 X-9.244 Y-16.184
G1 X-9.365 Y-16.108
G1 X-9.481 Y-16.026
G1 X-9.593 Y-15.938
G1 X-9.699 Y-15.843
G1 X-9.798 Y-15.742
G1 X-9.89 Y-15.633
G1 X-9.975 Y-15.517
G1 X-10.065 Y-15.373
G1 X-10.146 Y-15.223
G1 X-10.218 Y-15.068
G1 X-10.282 Y-14.909
G1 X-10.337 Y-14.745
G1 X-10.385 Y-14.577
G1 X-10.426 Y-14.406
G1 X-10.46 Y-14.232
G1 X-10.487 Y-14.056
G1 X-10.51 Y-13.877
G1 X-10.527 Y-13.697
G1 X-10.539 Y-13.515
G1 X-10.547 Y-13.333
G1 X-10.551 Y-13.15
G1 X-10.55 Y-12.968
G1 X-10.548 Y-12.786
G1 X-10.543 Y-12.605
G1 X-10.536 Y-12.425
G1 X-10.527 Y-12.248
G1 X-10.517 Y-12.072
G1 X-10.507 Y-11.9
G1 X-10.496 Y-11.73
G1 X-10.485 Y-11.564
G1 X-10.474 Y-11.403
G1 X-10.465 Y-11.225
G1 X-10.459 Y-11.11
G1 X-10.454 Y-11.003
G1 X-10.451 Y-10.902
G1 X-10.449 Y-10.806
G1 X-10.447 Y-10.714
G1 X-10.447 Y-10.623
G1 X-10.447 Y-10.533
G1 X-10.45 Y-10.441
G1 X-10.453 Y-10.348
G1 X-10.456 Y-10.25
G1 X-10.462 Y-10.147
G1 X-10.469 Y-10.038
G1 X-10.477 Y-9.92
G1 X-10.486 Y-9.793
G1 X-10.5 Y-9.545
G1 X-10.504 Y-9.3
G1 X-10.5 Y-9.059
G1 X-10.489 Y-8.82
G1 X-10.472 Y-8.582
G1 X-10.451 Y-8.344
G1 X-10.425 Y-8.105
G1 X-10.397 Y-7.863
G1 X-10.369 Y-7.617
G1 X-10.339 Y-7.366
G1 X-10.311 Y-7.109
G1 X-10.284 Y-6.845
G1 X-10.262 Y-6.573
G1 X-10.252 Y-6.435
G1 X-10.246 Y-6.306
G1 X-10.242 Y-6.185
G1 X-10.241 Y-6.069
G1 X-10.242 Y-5.958
G1 X-10.245 Y-5.849
G1 X-10.25 Y-5.741
G1 X-10.256 Y-5.633
G1 X-10.264 Y-5.522
G1 X-10.274 Y-5.407
G1 X-10.285 Y-5.286
G1 X-10.296 Y-5.159
G1 X-10.308 Y-5.022
G1 X-10.334 Y-4.683
G1 X-10.354 Y-4.352
G1 X-10.369 Y-4.03
G1 X-10.379 Y-3.716
G1 X-10.386 Y-3.409
G1 X-10.389 Y-3.108
G1 X-10.391 Y-2.812
G1 X-10.392 Y-2.522
G1 X-10.394 Y-2.236
G1 X-10.396 Y-1.954
G1 X-10.401 Y-1.674
G1 X-10.408 Y-1.397
G1 X-10.419 Y-1.121
G1 X-10.434 Y-0.847
M5
G0 X-14.898 Y-2.994
M3
G1 X-14.869 Y-3.275
G1 X-14.829 Y-3.562
G1 X-14.781 Y-3.852
G1 X-14.723 Y-4.146
G1 X-14.656 Y-4.443
G1 X-14.581 Y-4.741
G1 X-14.498 Y-5.041
G1 X-14.408 Y-5.342
G1 X-14.309 Y-5.642
G1 X-14.204 Y-5.941
G1 X-14.092 Y-6.239
G1 X-13.974 Y-6.534
G1 X-13.85 Y-6.826
G1 X-13.721 Y-7.114
G1 X-13.586 Y-7.397
G1 X-13.447 Y-7.675
G1 X-13.302 Y-7.947
G1 X-13.153 Y-8.213
G1 X-13.002 Y-8.47
G1 X-12.847 Y-8.72
M5
G0 X19.866 Y-3.59
M3
G1 X19.891 Y-3.59
G1 X19.918 Y-3.589
G1 X19.947 Y-3.585
G1 X19.978 Y-3.582
G1 X20.013 Y-3.578
G1 X20.051 Y-3.574
G1 X20.093 Y-3.572
G1 X20.138 Y-3.571
G1 X20.19 Y-3.572
G1 X20.247 Y-3.576
G1 X20.309 Y-3.583
G1 X20.378 Y-3.594
G1 X20.454 Y-3.609
G1 X20.537 Y-3.629
G1 X20.629 Y-3.655
G1 X20.728 Y-3.686
G1 X20.837 Y-3.724
G1 X20.955 Y-3.769
G1 X21.096 Y-3.831
G1 X21.24 Y-3.904
G1 X21.384 Y-3.987
G1 X21.529 Y-4.08
G1 X21.676 Y-4.182
G1 X21.824 Y-4.292
G1 X21.971 Y-4.41
G1 X22.119 Y-4.534
G1 X22.266 Y-4.664
G1 X22.414 Y-4.8
G1 X22.56 Y-4.939
G1 X22.706 Y-5.082
G1 X22.85 Y-5.229
G1 X22.993 Y-5.377
G1 X23.135 Y-5.527
G1 X23.274 Y-5.677
G1 X23.41 Y-5.827
G1 X23.544 Y-5.976
G1 X23.675 Y-6.124
G1 X23.803 Y-6.269
G1 X23.928 Y-6.411
G1 X24.048 Y-6.549
G1 X24.166 Y-6.682
G1 X24.278 Y-6.81
G1 X24.385 Y-6.932
G1 X24.492 Y-7.05
G1 X24.611 Y-7.184
G1 X24.729 Y-7.327
G1 X24.849 Y-7.477
G1 X24.968 Y-7.633
G1 X25.087 Y-7.793
G1 X25.204 Y-7.956
G1 X25.319 Y-8.12
G1 X25.434 Y-8.285
G1 X25.545 Y-8.448
G1 X25.653 Y-8.608
G1 X25.759 Y-8.765
G1 X25.86 Y-8.916
G1 X25.957 Y-9.061
G1 X26.05 Y-9.197
G1 X26.138 Y-9.324
G1 X26.221 Y-9.442
G1 X26.302 Y-9.551
G1 X26.377 Y-9.652
G1 X26.451 Y-9.746
G1 X26.521 Y-9.833
G1 X26.588 Y-9.915
G1 X26.654 Y-9.991
G1 X26.717 Y-10.064
G1 X26.781 Y-10.133
G1 X26.841 Y-10.199
G1 X26.902 Y-10.264
G1 X26.961 Y-10.327
G1 X27.021 Y-10.39
M5
G0 X-26.235 Y-4.306
M3
G1 X-26.168 Y-4.397
G1 X-26.102 Y-4.5
G1 X-26.038 Y-4.613
G1 X-25.975 Y-4.737
G1 X-25.913 Y-4.87
G1 X-25.851 Y-5.014
G1 X-25.791 Y-5.166
G1 X-25.732 Y-5.327
G1 X-25.673 Y-5.496
G1 X-25.616 Y-5.672
G1 X-25.56 Y-5.856
G1 X-25.504 Y-6.047
G1 X-25.449 Y-6.244
G1 X-25.395 Y-6.447
G1 X-25.341 Y-6.655
G1 X-25.288 Y-6.868
G1 X-25.236 Y-7.086
G1 X-25.185 Y-7.308
G1 X-25.134 Y-7.533
G1 X-25.083 Y-7.761
G1 X-25.033 Y-7.992
G1 X-24.983 Y-8.226
G1 X-24.935 Y-8.461
G1 X-24.886 Y-8.697
G1 X-24.837 Y-8.934
G1 X-24.79 Y-9.172
G1 X-24.742 Y-9.409
G1 X-24.694 Y-9.646
G1 X-24.647 Y-9.882
G1 X-24.6 Y-10.117
G1 X-24.553 Y-10.349
G1 X-24.506 Y-10.58
G1 X-24.46 Y-10.807
G1 X-24.413 Y-11.031
G1 X-24.366 Y-11.252
G1 X-24.319 Y-11.468
G1 X-24.272 Y-11.68
G1 X-24.225 Y-11.886
G1 X-24.177 Y-12.088
G1 X-24.13 Y-12.283
G1 X-24.083 Y-12.471
G1 X-24.035 Y-12.653
G1 X-23.987 Y-12.827
G1 X-23.938 Y-12.994
G1 X-23.857 Y-13.253
G1 X-23.813 Y-13.389
G1 X-23.766 Y-13.53
G1 X-23.72 Y-13.676
G1 X-23.671 Y-13.825
G1 X-23.621 Y-13.976
G1 X-23.57 Y-14.129
G1 X-23.516 Y-14.282
G1 X-23.46 Y-14.435
G1 X-23.402 Y-14.587
G1 X-23.34 Y-14.736
G1 X-23.275 Y-14.882
G1 X-23.208 Y-15.024
G1 X-23.137 Y-15.161
G1 X-23.061 Y-15.291
G1 X-22.982 Y-15.415
G1 X-22.899 Y-15.531
G1 X-22.812 Y-15.638
G1 X-22.715 Y-15.745
G1 X-22.62 Y-15.845
G1 X-22.524 Y-15.94
G1 X-22.429 Y-16.029
G1 X-22.33 Y-16.113
G1 X-22.231 Y-16.191
G1 X-22.129 Y-16.263
G1 X-22.023 Y-16.329
G1 X-21.914 Y-16.391
G1 X-21.799 Y-16.447
G1 X-21.68 Y-16.498
G1 X-21.554 Y-16.543
G1 X-21.422 Y-16.584
G1 X-21.282 Y-16.619
G1 X-21.134 Y-16.65
G1 X-20.978 Y-16.676
G1 X-20.74 Y-16.705
G1 X-20.504 Y-16.724
G1 X-20.271 Y-16.732
G1 X-20.041 Y-16.731
G1 X-19.815 Y-16.72
G1 X-19.592 Y-16.7
G1 X-19.37 Y-16.672
G1 X-19.152 Y-16.637
G1 X-18.937 Y-16.594
G1 X-18.724 Y-16.544
G1 X-18.513 Y-16.488
G1 X-18.306 Y-16.426
G1 X-18.1 Y-16.359
G1 X-17.896 Y-16.287
G1 X-17.695 Y-16.211
G1 X-17.496 Y-16.131
G1 X-17.299 Y-16.048
G1 X-17.104 Y-15.962
G1 X-17.005 Y-15.919
G1 X-16.904 Y-15.876
G1 X-16.8 Y-15.833
G1 X-16.694 Y-15.789
G1 X-16.586 Y-15.744
G1 X-16.477 Y-15.698
G1 X-16.367 Y-15.65
G1 X-16.258 Y-15.601
G1 X-16.15 Y-15.55
G1 X-16.043 Y-15.496
G1 X-15.938 Y-15.44
G1 X-15.836 Y-15.381
G1 X-15.737 Y-15.318
G1 X-15.643 Y-15.252
G1 X-15.552 Y-15.182
G1 X-15.466 Y-15.108
G1 X-15.386 Y-15.029
G1 X-15.312 Y-14.946
G1 X-15.246 Y-14.858
G1 X-15.186 Y-14.764
G1 X-15.135 Y-14.665
G1 X-15.092 Y-14.56
G1 X-15.059 Y-14.448
G1 X-15.035 Y-14.326
G1 X-15.029 Y-14.251
G1 X-15.036 Y-14.174
G1 X-15.053 Y-14.095
G1 X-15.081 Y-14.014
G1 X-15.118 Y-13.933
G1 X-15.165 Y-13.849
G1 X-15.221 Y-13.765
G1 X-15.284 Y-13.679
G1 X-15.356 Y-13.593
G1 X-15.435 Y-13.505
G1 X-15.52 Y-13.417
G1 X-15.612 Y-13.328
G1 X-15.709 Y-13.238
G1 X-15.812 Y-13.147
G1 X-15.918 Y-13.057
G1 X-16.029 Y-12.965
G1 X-16.143 Y-12.874
G1 X-16.26 Y-12.782
G1 X-16.379 Y-12.69
G1 X-16.501 Y-12.599
G1 X-16.623 Y-12.507
G1 X-16.746 Y-12.416
G1 X-16.87 Y-12.325
G1 X-16.993 Y-12.234
G1 X-17.115 Y-12.144
G1 X-17.235 Y-12.054
G1 X-17.354 Y-11.965
G1 X-17.471 Y-11.877
G1 X-17.584 Y-11.79
G1 X-17.693 Y-11.704
G1 X-17.799 Y-11.619
G1 X-17.9 Y-11.535
G1 X-17.996 Y-11.453
G1 X-18.086 Y-11.371
G1 X-18.17 Y-11.292
G1 X-18.247 Y-11.214
G1 X-18.318 Y-11.137
G1 X-18.379 Y-11.063
G1 X-18.432 Y-10.99
G1 X-18.505 Y-10.867
G1 X-18.578 Y-10.705
G1 X-18.646 Y-10.534
G1 X-18.71 Y-10.356
G1 X-18.769 Y-10.172
G1 X-18.823 Y-9.981
G1 X-18.872 Y-9.784
G1 X-18.917 Y-9.583
G1 X-18.956 Y-9.376
G1 X-18.991 Y-9.167
G1 X-19.023 Y-8.953
G1 X-19.049 Y-8.738
G1 X-19.071 Y-8.52
G1 X-19.089 Y-8.3
G1 X-19.103 Y-8.08
G1 X-19.112 Y-7.86
G1 X-19.118 Y-7.64
G1 X-19.12 Y-7.421
G1 X-19.117 Y-7.203
G1 X-19.111 Y-6.988
G1 X-19.1 Y-6.776
G1 X-19.086 Y-6.567
G1 X-19.069 Y-6.362
G1 X-19.048 Y-6.161
G1 X-19.023 Y-5.966
G1 X-18.995 Y-5.776
G1 X-18.963 Y-5.593
G1 X-18.928 Y-5.417
G1 X-18.89 Y-5.249
G1 X-18.848 Y-5.089
G1 X-18.803 Y-4.937
G1 X-18.755 Y-4.795
G1 X-18.704 Y-4.663
G1 X-18.651 Y-4.542
G1 X-18.591 Y-4.425
M5
G0 X78.083 Y-14.565
M3
G1 X78.242 Y-14.301
G1 X78.401 Y-14.041
G1 X78.561 Y-13.784
G1 X78.722 Y-13.532
G1 X78.884 Y-13.283
G1 X79.049 Y-13.039
G1 X79.217 Y-12.799
G1 X79.388 Y-12.563
G1 X79.564 Y-12.332
G1 X79.745 Y-12.105
G1 X79.933 Y-11.884
G1 X80.126 Y-11.667
G1 X80.327 Y-11.456
G1 X80.535 Y-11.249
G1 X80.753 Y-11.049
G1 X80.98 Y-10.854
G1 X81.22 Y-10.657
G1 X81.468 Y-10.462
G1 X81.724 Y-10.268
G1 X81.988 Y-10.076
G1 X82.257 Y-9.886
G1 X82.533 Y-9.699
G1 X82.813 Y-9.516
G1 X83.099 Y-9.335
G1 X83.388 Y-9.159
G1 X83.682 Y-8.987
G1 X83.98 Y-8.819
G1 X84.28 Y-8.657
G1 X84.583 Y-8.5
G1 X84.887 Y-8.349
G1 X85.195 Y-8.204
G1 X85.502 Y-8.066
G1 X85.81 Y-7.935
G1 X86.118 Y-7.811
G1 X86.426 Y-7.696
G1 X86.733 Y-7.588
G1 X87.038 Y-7.49
G1 X87.342 Y-7.4
G1 X87.644 Y-7.32
G1 X87.942 Y-7.25
G1 X88.409 Y-7.159
G1 X88.559 Y-7.136
G1 X88.699 Y-7.115
G1 X88.83 Y-7.099
G1 X88.953 Y-7.086
G1 X89.069 Y-7.076
G1 X89.178 Y-7.07
G1 X89.28 Y-7.067
G1 X89.377 Y-7.067
G1 X89.47 Y-7.07
G1 X89.559 Y-7.077
G1 X89.645 Y-7.086
G1 X89.728 Y-7.098
G1 X89.81 Y-7.114
G1 X89.891 Y-7.132
G1 X89.972 Y-7.152
G1 X90.053 Y-7.176
G1 X90.135 Y-7.202
G1 X90.22 Y-7.23
G1 X90.307 Y-7.261
G1 X90.398 Y-7.294
G1 X90.492 Y-7.33
G1 X90.593 Y-7.368
G1 X90.698 Y-7.408
M5
G0 X63.262 Y-7.408
M3
G1 X63.298 Y-7.51
G1 X63.338 Y-7.623
G1 X63.38 Y-7.745
G1 X63.424 Y-7.875
G1 X63.471 Y-8.014
G1 X63.519 Y-8.161
G1 X63.569 Y-8.314
G1 X63.621 Y-8.474
G1 X63.675 Y-8.64
G1 X63.73 Y-8.811
G1 X63.785 Y-8.986
G1 X63.842 Y-9.166
G1 X63.899 Y-9.35
G1 X63.957 Y-9.537
G1 X64.015 Y-9.726
G1 X64.074 Y-9.917
G1 X64.131 Y-10.109
G1 X64.189 Y-10.302
G1 X64.246 Y-10.495
G1 X64.302 Y-10.688
G1 X64.358 Y-10.88
G1 X64.413 Y-11.071
G1 X64.466 Y-11.259
G1 X64.517 Y-11.445
G1 X64.568 Y-11.627
G1 X64.616 Y-11.806
G1 X64.662 Y-11.981
G1 X64.707 Y-12.15
G1 X64.748 Y-12.314
G1 X64.787 Y-12.472
G1 X64.823 Y-12.623
G1 X64.857 Y-12.767
G1 X64.887 Y-12.903
G1 X64.914 Y-13.031
G1 X64.936 Y-13.15
G1 X64.956 Y-13.26
G1 X64.972 Y-13.359
G1 X64.987 Y-13.491
M5
G0 X90.578 Y-7.408
M3
G1 X90.544 Y-7.461
G1 X90.51 Y-7.513
G1 X90.48 Y-7.566
G1 X90.449 Y-7.618
G1 X90.42 Y-7.671
G1 X90.391 Y-7.724
G1 X90.36 Y-7.777
G1 X90.328 Y-7.831
G1 X90.294 Y-7.886
G1 X90.258 Y-7.942
G1 X90.217 Y-7.999
G1 X90.173 Y-8.057
G1 X90.125 Y-8.117
G1 X90.07 Y-8.178
G1 X90.011 Y-8.242
G1 X89.945 Y-8.307
G1 X89.872 Y-8.374
G1 X89.791 Y-8.444
G1 X89.701 Y-8.515
G1 X89.604 Y-8.59
G1 X89.495 Y-8.667
G1 X89.424 Y-8.717
G1 X89.342 Y-8.771
G1 X89.254 Y-8.829
G1 X89.159 Y-8.89
G1 X89.057 Y-8.955
G1 X88.951 Y-9.023
G1 X88.841 Y-9.092
G1 X88.729 Y-9.163
G1 X88.613 Y-9.236
G1 X88.496 Y-9.309
G1 X88.379 Y-9.382
G1 X88.262 Y-9.455
G1 X88.148 Y-9.528
G1 X88.035 Y-9.599
G1 X87.926 Y-9.668
G1 X87.821 Y-9.735
G1 X87.721 Y-9.8
G1 X87.628 Y-9.861
G1 X87.541 Y-9.918
G1 X87.462 Y-9.972
G1 X87.219 Y-10.144
G1 X86.982 Y-10.317
G1 X86.747 Y-10.493
G1 X86.512 Y-10.669
G1 X86.276 Y-10.846
G1 X86.032 Y-11.023
G1 X85.781 Y-11.199
G1 X85.406 Y-11.456
G1 X85.039 Y-11.71
G1 X84.681 Y-11.963
G1 X84.331 Y-12.215
G1 X83.987 Y-12.468
G1 X83.651 Y-12.722
G1 X83.324 Y-12.979
G1 X83.002 Y-13.239
G1 X82.687 Y-13.503
G1 X82.38 Y-13.772
G1 X82.079 Y-14.048
G1 X81.785 Y-14.331
G1 X81.497 Y-14.622
G1 X81.216 Y-14.923
M5
G0 X47.551 Y-15.996
M3
G1 X47.678 Y-16.081
G1 X47.81 Y-16.159
G1 X47.948 Y-16.232
G1 X48.092 Y-16.298
G1 X48.241 Y-16.358
G1 X48.395 Y-16.41
G1 X48.552 Y-16.456
G1 X48.713 Y-16.494
G1 X48.877 Y-16.525
G1 X49.043 Y-16.548
G1 X49.21 Y-16.563
G1 X49.38 Y-16.569
G1 X49.549 Y-16.567
G1 X49.719 Y-16.555
G1 X49.889 Y-16.535
G1 X50.058 Y-16.505
G1 X50.226 Y-16.466
G1 X50.39 Y-16.417
G1 X50.553 Y-16.357
G1 X50.713 Y-16.287
G1 X50.87 Y-16.207
G1 X51.022 Y-16.115
M5
G0 X52.334 Y-16.115
M3
G1 X52.372 Y-16.138
G1 X52.416 Y-16.164
G1 X52.467 Y-16.194
G1 X52.525 Y-16.226
G1 X52.589 Y-16.26
G1 X52.661 Y-16.295
G1 X52.738 Y-16.331
G1 X52.823 Y-16.367
G1 X52.916 Y-16.402
G1 X53.015 Y-16.436
G1 X53.122 Y-16.468
G1 X53.236 Y-16.498
G1 X53.359 Y-16.525
G1 X53.489 Y-16.549
G1 X53.627 Y-16.568
G1 X53.773 Y-16.582
G1 X53.927 Y-16.591
G1 X54.078 Y-16.598
G1 X54.234 Y-16.607
G1 X54.394 Y-16.616
G1 X54.555 Y-16.626
G1 X54.716 Y-16.634
G1 X54.877 Y-16.641
G1 X55.035 Y-16.644
G1 X55.189 Y-16.643
G1 X55.338 Y-16.638
G1 X55.48 Y-16.626
G1 X56.054 Y-16.57
G1 X56.626 Y-16.524
G1 X57.199 Y-16.488
G1 X57.771 Y-16.461
G1 X58.344 Y-16.444
G1 X58.917 Y-16.435
G1 X59.493 Y-16.434
G1 X60.069 Y-16.442
G1 X60.648 Y-16.456
G1 X61.23 Y-16.478
G1 X61.814 Y-16.506
G1 X62.401 Y-16.54
G1 X62.993 Y-16.581
G1 X63.589 Y-16.626
G1 X64.188 Y-16.677
G1 X64.794 Y-16.732
G1 X65.075 Y-16.757
G1 X65.349 Y-16.777
G1 X65.615 Y-16.793
G1 X65.875 Y-16.806
G1 X66.132 Y-16.815
G1 X66.386 Y-16.822
G1 X66.638 Y-16.826
G1 X66.89 Y-16.829
G1 X67.146 Y-16.831
G1 X67.403 Y-16.831
G1 X67.665 Y-16.831
G1 X67.964 Y-16.834
G1 X68.254 Y-16.841
G1 X68.537 Y-16.853
G1 X68.815 Y-16.867
G1 X69.087 Y-16.883
G1 X69.356 Y-16.901
G1 X69.622 Y-16.919
G1 X69.886 Y-16.937
G1 X70.149 Y-16.953
G1 X70.413 Y-16.967
G1 X70.678 Y-16.977
G1 X70.947 Y-16.984
G1 X71.219 Y-16.986
G1 X71.496 Y-16.981
G1 X71.712 Y-16.981
G1 X71.927 Y-16.988
G1 X72.143 Y-17.004
G1 X72.358 Y-17.026
G1 X72.571 Y-17.053
G1 X72.784 Y-17.083
G1 X72.994 Y-17.116
G1 X73.204 Y-17.15
G1 X73.412 Y-17.185
G1 X73.619 Y-17.217
G1 X73.824 Y-17.248
G1 X74.026 Y-17.274
G1 X74.229 Y-17.296
G1 X74.43 Y-17.314
G1 X74.63 Y-17.328
G1 X74.831 Y-17.34
G1 X75.032 Y-17.35
G1 X75.235 Y-17.359
G1 X75.442 Y-17.369
G1 X75.65 Y-17.379
G1 X75.866 Y-17.392
G1 X76.085 Y-17.407
G1 X76.312 Y-17.426
G1 X76.546 Y-17.449
G1 X76.787 Y-17.478
G1 X76.91 Y-17.493
G1 X77.025 Y-17.506
G1 X77.133 Y-17.517
G1 X77.235 Y-17.525
G1 X77.336 Y-17.532
G1 X77.434 Y-17.537
G1 X77.534 Y-17.541
G1 X77.636 Y-17.544
G1 X77.742 Y-17.545
G1 X77.854 Y-17.546
G1 X77.975 Y-17.547
G1 X78.105 Y-17.547
G1 X78.301 Y-17.547
G1 X78.487 Y-17.548
G1 X78.664 Y-17.549
G1 X78.834 Y-17.551
G1 X78.996 Y-17.554
G1 X79.152 Y-17.558
G1 X79.304 Y-17.563
G1 X79.451 Y-17.569
G1 X79.596 Y-17.576
G1 X79.739 Y-17.585
G1 X79.881 Y-17.595
G1 X80.023 Y-17.606
G1 X80.165 Y-17.619
G1 X80.311 Y-17.634
G1 X80.459 Y-17.65
G1 X80.612 Y-17.668
G1 X80.77 Y-17.689
G1 X80.934 Y-17.711
G1 X81.104 Y-17.735
G1 X81.323 Y-17.767
G1 X81.532 Y-17.799
G1 X81.734 Y-17.829
G1 X81.928 Y-17.857
G1 X82.117 Y-17.884
G1 X82.301 Y-17.909
G1 X82.481 Y-17.932
G1 X82.66 Y-17.953
G1 X82.837 Y-17.972
G1 X83.015 Y-17.988
G1 X83.194 Y-18.001
G1 X83.376 Y-18.012
G1 X83.562 Y-18.019
G1 X83.754 Y-18.024
G1 X83.854 Y-18.025
G1 X83.965 Y-18.029
G1 X84.086 Y-18.033
G1 X84.215 Y-18.038
G1 X84.352 Y-18.044
G1 X84.494 Y-18.052
G1 X84.643 Y-18.06
G1 X84.796 Y-18.069
G1 X84.953 Y-18.079
G1 X85.112 Y-18.09
G1 X85.273 Y-18.102
G1 X85.434 Y-18.114
G1 X85.595 Y-18.127
G1 X85.755 Y-18.14
G1 X85.912 Y-18.154
G1 X86.067 Y-18.169
G1 X86.217 Y-18.184
G1 X86.361 Y-18.199
G1 X86.501 Y-18.215
G1 X86.632 Y-18.231
G1 X86.755 Y-18.247
G1 X86.984 Y-18.279
G1 X87.205 Y-18.311
G1 X87.417 Y-18.341
G1 X87.622 Y-18.37
G1 X87.822 Y-18.397
G1 X88.017 Y-18.422
G1 X88.209 Y-18.444
G1 X88.399 Y-18.464
G1 X88.588 Y-18.479
G1 X88.778 Y-18.491
G1 X88.969 Y-18.499
G1 X89.164 Y-18.501
G1 X89.287 Y-18.501
G1 X89.403 Y-18.502
G1 X89.512 Y-18.504
G1 X89.617 Y-18.507
G1 X89.72 Y-18.511
G1 X89.82 Y-18.516
G1 X89.921 Y-18.524
G1 X90.022 Y-18.533
G1 X90.127 Y-18.545
G1 X90.237 Y-18.559
G1 X90.351 Y-18.576
G1 X90.474 Y-18.597
G1 X90.605 Y-18.62
G1 X91.106 Y-18.715
G1 X91.612 Y-18.809
G1 X92.12 Y-18.904
G1 X92.631 Y-18.997
G1 X93.145 Y-19.089
G1 X93.662 Y-19.179
G1 X94.18 Y-19.266
G1 X94.7 Y-19.348
G1 X95.221 Y-19.427
G1 X95.742 Y-19.5
G1 X96.264 Y-19.567
G1 X96.785 Y-19.628
G1 X97.307 Y-19.681
G1 X97.828 Y-19.727
G1 X98.347 Y-19.763
G1 X98.864 Y-19.79
G1 X99.381 Y-19.807
G1 X99.894 Y-19.813
M5
G0 X2.265 Y-16.473
M3
G1 X4.412 Y-16.473
M5
G0 X-31.497 Y-17.785
M3
G1 X-31.192 Y-17.716
G1 X-30.889 Y-17.656
G1 X-30.589 Y-17.606
G1 X-30.29 Y-17.564
G1 X-29.993 Y-17.529
G1 X-29.699 Y-17.502
G1 X-29.405 Y-17.479
G1 X-29.113 Y-17.462
G1 X-28.822 Y-17.448
G1 X-28.533 Y-17.437
G1 X-28.245 Y-17.428
G1 X-27.958 Y-17.42
G1 X-27.671 Y-17.412
G1 X-27.385 Y-17.403
G1 X-27.1 Y-17.393
G1 X-26.816 Y-17.379
G1 X-26.531 Y-17.362
G1 X-26.246 Y-17.34
G1 X-25.962 Y-17.313
G1 X-25.677 Y-17.279
G1 X-25.393 Y-17.238
G1 X-25.108 Y-17.189
M5
G0 X-49.789 Y-20.052
M3
G1 X-49.589 Y-20.035
G1 X-49.379 Y-20.015
G1 X-49.159 Y-19.992
G1 X-48.928 Y-19.967
G1 X-48.69 Y-19.939
G1 X-48.441 Y-19.908
G1 X-48.185 Y-19.876
G1 X-47.922 Y-19.841
G1 X-47.651 Y-19.804
G1 X-47.375 Y-19.766
G1 X-47.091 Y-19.726
G1 X-46.803 Y-19.684
G1 X-46.51 Y-19.641
G1 X-46.212 Y-19.597
G1 X-45.91 Y-19.552
G1 X-45.606 Y-19.506
G1 X-45.299 Y-19.459
G1 X-44.989 Y-19.412
G1 X-44.678 Y-19.364
G1 X-44.365 Y-19.316
G1 X-44.052 Y-19.267
G1 X-43.74 Y-19.219
G1 X-43.427 Y-19.171
G1 X-43.115 Y-19.123
G1 X-42.805 Y-19.075
G1 X-42.497 Y-19.028
G1 X-42.192 Y-18.982
G1 X-41.89 Y-18.936
G1 X-41.592 Y-18.892
G1 X-41.298 Y-18.848
G1 X-41.009 Y-18.806
G1 X-40.724 Y-18.765
G1 X-40.447 Y-18.726
G1 X-40.175 Y-18.689
G1 X-39.655 Y-18.62
M5
G0 X1.284 Y-33.889
M3
G1 X1.314 Y-33.62
G1 X1.349 Y-33.361
G1 X1.387 Y-33.111
G1 X1.428 Y-32.869
G1 X1.472 Y-32.634
G1 X1.519 Y-32.406
G1 X1.571 Y-32.182
G1 X1.624 Y-31.961
G1 X1.681 Y-31.744
G1 X1.741 Y-31.528
G1 X1.804 Y-31.312
G1 X1.871 Y-31.096
G1 X1.939 Y-30.878
G1 X2.011 Y-30.658
G1 X2.087 Y-30.433
G1 X2.165 Y-30.204
G1 X2.245 Y-29.968
G1 X2.329 Y-29.726
G1 X2.415 Y-29.475
G1 X2.53 Y-29.145
G1 X2.646 Y-28.821
G1 X2.762 Y-28.506
G1 X2.88 Y-28.197
G1 X2.999 Y-27.894
G1 X3.122 Y-27.598
G1 X3.247 Y-27.307
G1 X3.375 Y-27.023
G1 X3.508 Y-26.743
G1 X3.645 Y-26.468
G1 X3.787 Y-26.198
G1 X3.935 Y-25.931
G1 X4.089 Y-25.669
G1 X4.248 Y-25.41
G1 X4.416 Y-25.154
G1 X4.59 Y-24.9
G1 X4.774 Y-24.649
G1 X4.966 Y-24.4
G1 X5.166 Y-24.153
G1 X5.377 Y-23.907
G1 X5.598 Y-23.662
G1 X5.83 Y-23.418
G1 X6.072 Y-23.174
G1 X6.198 Y-23.05
G1 X6.317 Y-22.932
G1 X6.431 Y-22.82
G1 X6.541 Y-22.713
G1 X6.649 Y-22.611
G1 X6.756 Y-22.513
G1 X6.862 Y-22.42
G1 X6.972 Y-22.33
G1 X7.084 Y-22.243
G1 X7.202 Y-22.159
G1 X7.324 Y-22.077
G1 X7.455 Y-21.997
G1 X7.595 Y-21.919
G1 X7.745 Y-21.841
M5
G0 X39.319 Y-22.795
M3
G1 X39.069 Y-22.99
G1 X38.817 Y-23.188
G1 X38.562 Y-23.389
G1 X38.307 Y-23.593
G1 X38.052 Y-23.8
G1 X37.798 Y-24.009
G1 X37.545 Y-24.222
G1 X37.295 Y-24.437
G1 X37.049 Y-24.656
G1 X36.806 Y-24.876
G1 X36.569 Y-25.1
G1 X36.338 Y-25.326
G1 X36.114 Y-25.555
G1 X35.896 Y-25.786
G1 X35.687 Y-26.019
G1 X35.488 Y-26.255
G1 X35.299 Y-26.493
G1 X35.111 Y-26.745
G1 X34.929 Y-27.007
G1 X34.749 Y-27.277
G1 X34.575 Y-27.557
G1 X34.405 Y-27.844
G1 X34.239 Y-28.138
G1 X34.076 Y-28.438
G1 X33.917 Y-28.745
G1 X33.762 Y-29.056
G1 X33.611 Y-29.372
G1 X33.463 Y-29.692
G1 X33.319 Y-30.015
G1 X33.177 Y-30.341
G1 X33.04 Y-30.668
G1 X32.906 Y-30.996
G1 X32.774 Y-31.325
G1 X32.645 Y-31.653
G1 X32.52 Y-31.981
G1 X32.396 Y-32.307
G1 X32.277 Y-32.63
G1 X32.159 Y-32.951
G1 X32.044 Y-33.268
G1 X31.931 Y-33.581
G1 X31.821 Y-33.889
M5
G0 X8.607 Y-33.054
M3
G1 X8.759 Y-32.885
G1 X8.917 Y-32.707
G1 X9.081 Y-32.521
G1 X9.25 Y-32.328
G1 X9.424 Y-32.129
G1 X9.602 Y-31.924
G1 X9.785 Y-31.715
G1 X9.971 Y-31.502
G1 X10.161 Y-31.285
G1 X10.355 Y-31.067
G1 X10.553 Y-30.847
G1 X10.753 Y-30.627
G1 X10.955 Y-30.407
G1 X11.161 Y-30.188
G1 X11.368 Y-29.972
G1 X11.577 Y-29.758
G1 X11.789 Y-29.548
G1 X12.001 Y-29.342
G1 X12.215 Y-29.141
G1 X12.43 Y-28.947
G1 X12.644 Y-28.76
G1 X12.886 Y-28.558
G1 X13.133 Y-28.358
G1 X13.385 Y-28.161
G1 X13.642 Y-27.967
G1 X13.904 Y-27.776
G1 X14.171 Y-27.589
G1 X14.443 Y-27.407
G1 X14.718 Y-27.229
G1 X14.999 Y-27.056
G1 X15.283 Y-26.889
G1 X15.572 Y-26.727
G1 X15.865 Y-26.571
G1 X16.161 Y-26.421
G1 X16.461 Y-26.278
G1 X16.764 Y-26.142
G1 X17.071 Y-26.014
G1 X17.38 Y-25.893
G1 X17.694 Y-25.781
G1 X18.009 Y-25.677
G1 X18.328 Y-25.581
G1 X18.649 Y-25.495
G1 X18.973 Y-25.419
G1 X19.299 Y-25.352
G1 X19.627 Y-25.296
G1 X19.957 Y-25.25
G1 X20.289 Y-25.216
G1 X20.92 Y-25.181
M5
G0 X36.048 Y-34.485
M3
G1 X36.183 Y-34.336
G1 X36.31 Y-34.192
G1 X36.432 Y-34.052
G1 X36.547 Y-33.918
G1 X36.658 Y-33.787
G1 X36.765 Y-33.659
G1 X36.869 Y-33.534
G1 X36.97 Y-33.41
G1 X37.07 Y-33.288
G1 X37.171 Y-33.167
G1 X37.27 Y-33.046
G1 X37.372 Y-32.925
G1 X37.475 Y-32.802
G1 X37.581 Y-32.678
G1 X37.69 Y-32.552
G1 X37.805 Y-32.423
G1 X37.924 Y-32.29
G1 X38.05 Y-32.153
G1 X38.183 Y-32.012
G1 X38.324 Y-31.865
G1 X38.573 Y-31.616
G1 X38.824 Y-31.378
G1 X39.08 Y-31.15
G1 X39.338 Y-30.931
G1 X39.6 Y-30.721
G1 X39.865 Y-30.519
G1 X40.133 Y-30.325
G1 X40.405 Y-30.137
G1 X40.68 Y-29.956
G1 X40.957 Y-29.781
G1 X41.24 Y-29.611
G1 X41.525 Y-29.445
G1 X41.814 Y-29.283
G1 X42.106 Y-29.125
G1 X42.402 Y-28.969
G1 X42.702 Y-28.815
G1 X43.006 Y-28.662
G1 X43.312 Y-28.511
G1 X43.623 Y-28.359
G1 X44.075 Y-28.144
G1 X44.531 Y-27.934
G1 X44.991 Y-27.73
G1 X45.454 Y-27.533
G1 X45.921 Y-27.342
G1 X46.392 Y-27.158
G1 X46.866 Y-26.981
G1 X47.343 Y-26.812
G1 X47.823 Y-26.65
G1 X48.305 Y-26.496
G1 X48.79 Y-26.351
G1 X49.277 Y-26.214
G1 X49.767 Y-26.086
G1 X50.259 Y-25.968
G1 X50.752 Y-25.859
G1 X51.248 Y-25.759
G1 X51.745 Y-25.67
G1 X52.243 Y-25.591
G1 X52.743 Y-25.523
G1 X53.243 Y-25.466
G1 X53.744 Y-25.42
M5
G0 X-32.483 Y-26.97
M3
G1 X-32.309 Y-27.002
G1 X-32.145 Y-27.036
G1 X-31.989 Y-27.073
G1 X-31.842 Y-27.112
G1 X-31.701 Y-27.154
G1 X-31.567 Y-27.197
G1 X-31.437 Y-27.243
G1 X-31.311 Y-27.291
G1 X-31.19 Y-27.341
G1 X-31.071 Y-27.392
G1 X-30.953 Y-27.446
G1 X-30.837 Y-27.5
G1 X-30.72 Y-27.557
G1 X-30.602 Y-27.615
G1 X-30.483 Y-27.674
G1 X-30.361 Y-27.734
G1 X-30.234 Y-27.796
G1 X-30.104 Y-27.858
G1 X-29.968 Y-27.922
G1 X-29.827 Y-27.986
G1 X-29.677 Y-28.052
G1 X-29.52 Y-28.117
G1 X-29.252 Y-28.233
G1 X-28.984 Y-28.359
G1 X-28.717 Y-28.494
G1 X-28.45 Y-28.638
G1 X-28.185 Y-28.79
G1 X-27.92 Y-28.949
G1 X-27.657 Y-29.113
G1 X-27.395 Y-29.283
G1 X-27.134 Y-29.457
G1 X-26.874 Y-29.634
G1 X-26.617 Y-29.813
G1 X-26.36 Y-29.994
G1 X-26.104 Y-30.176
G1 X-25.851 Y-30.358
G1 X-25.599 Y-30.538
G1 X-25.35 Y-30.716
G1 X-25.102 Y-30.892
G1 X-24.919 Y-31.021
G1 X-24.744 Y-31.144
G1 X-24.576 Y-31.265
G1 X-24.411 Y-31.384
G1 X-24.25 Y-31.502
G1 X-24.091 Y-31.621
G1 X-23.932 Y-31.742
G1 X-23.772 Y-31.867
G1 X-23.611 Y-31.997
G1 X-23.445 Y-32.134
G1 X-23.269 Y-32.284
G1 X-23.103 Y-32.434
G1 X-22.946 Y-32.584
G1 X-22.797 Y-32.733
G1 X-22.655 Y-32.884
G1 X-22.518 Y-33.036
G1 X-22.385 Y-33.19
G1 X-22.257 Y-33.346
G1 X-22.129 Y-33.506
G1 X-22.002 Y-33.669
G1 X-21.876 Y-33.837
G1 X-21.749 Y-34.009
G1 X-21.618 Y-34.187
G1 X-21.484 Y-34.371
G1 X-21.344 Y-34.561
G1 X-21.2 Y-34.758
G1 X-21.048 Y-34.963
M5
G0 X-1.764 Y-27.686
M3
G1 X-1.697 Y-29.237
G1 X-1.74 Y-30.668
G1 X-1.415 Y-32.696
G1 X-1.19 Y-34.247
M5
G0 X9.392 Y-28.402
M3
G1 X9.244 Y-28.539
G1 X9.099 Y-28.676
G1 X8.957 Y-28.814
G1 X8.816 Y-28.953
G1 X8.678 Y-29.094
G1 X8.543 Y-29.237
G1 X8.409 Y-29.383
G1 X8.276 Y-29.532
G1 X8.143 Y-29.684
G1 X8.013 Y-29.841
G1 X7.883 Y-30.002
G1 X7.752 Y-30.168
G1 X7.623 Y-30.34
G1 X7.493 Y-30.518
G1 X7.363 Y-30.703
G1 X7.233 Y-30.894
G1 X7.101 Y-31.093
G1 X6.968 Y-31.3
G1 X6.834 Y-31.516
G1 X6.699 Y-31.741
G1 X6.562 Y-31.975
G1 X6.423 Y-32.219
G1 X6.36 Y-32.329
G1 X6.303 Y-32.431
G1 X6.249 Y-32.528
G1 X6.198 Y-32.619
G1 X6.148 Y-32.706
G1 X6.101 Y-32.79
G1 X6.053 Y-32.871
G1 X6.005 Y-32.951
G1 X5.957 Y-33.031
G1 X5.907 Y-33.111
G1 X5.854 Y-33.193
G1 X5.798 Y-33.277
G1 X5.739 Y-33.365
G1 X5.675 Y-33.457
G1 X5.606 Y-33.555
G1 X5.531 Y-33.658
G1 X5.448 Y-33.77
M5
G0 X-9.236 Y-30.907
M3
G1 X-9.051 Y-31.077
G1 X-8.876 Y-31.239
G1 X-8.709 Y-31.396
G1 X-8.55 Y-31.546
G1 X-8.398 Y-31.692
G1 X-8.254 Y-31.835
G1 X-8.116 Y-31.974
G1 X-7.983 Y-32.112
G1 X-7.856 Y-32.249
G1 X-7.734 Y-32.385
G1 X-7.616 Y-32.522
G1 X-7.502 Y-32.661
G1 X-7.391 Y-32.802
G1 X-7.284 Y-32.947
G1 X-7.179 Y-33.095
G1 X-7.075 Y-33.249
G1 X-6.973 Y-33.409
G1 X-6.871 Y-33.576
G1 X-6.771 Y-33.751
G1 X-6.67 Y-33.935
G1 X-6.568 Y-34.128
M5
G0 X-5.325 Y-31.98
M3
G1 X-5.223 Y-32.164
G1 X-5.118 Y-32.357
G1 X-5.01 Y-32.558
G1 X-4.899 Y-32.765
G1 X-4.787 Y-32.978
G1 X-4.675 Y-33.194
G1 X-4.562 Y-33.413
G1 X-4.451 Y-33.632
G1 X-4.342 Y-33.85
G1 X-4.235 Y-34.066
G1 X-4.131 Y-34.278
G1 X-4.032 Y-34.485
M5
G0 X-29.161 Y-32.219
M3
G1 X-29.023 Y-32.244
G1 X-28.892 Y-32.266
G1 X-28.766 Y-32.287
G1 X-28.646 Y-32.306
G1 X-28.528 Y-32.325
G1 X-28.414 Y-32.343
G1 X-28.303 Y-32.361
G1 X-28.194 Y-32.38
G1 X-28.085 Y-32.4
G1 X-27.978 Y-32.421
G1 X-27.868 Y-32.445
G1 X-27.759 Y-32.471
G1 X-27.648 Y-32.5
G1 X-27.533 Y-32.533
G1 X-27.415 Y-32.57
G1 X-27.293 Y-32.612
G1 X-27.167 Y-32.659
G1 X-27.034 Y-32.711
G1 X-26.895 Y-32.769
G1 X-26.749 Y-32.834
G1 X-26.596 Y-32.906
G1 X-26.328 Y-33.039
G1 X-26.069 Y-33.178
G1 X-25.817 Y-33.324
G1 X-25.571 Y-33.477
G1 X-25.333 Y-33.635
G1 X-25.101 Y-33.8
G1 X-24.875 Y-33.971
G1 X-24.655 Y-34.148
G1 X-24.441 Y-34.332
G1 X-24.232 Y-34.521
G1 X-24.029 Y-34.717
G1 X-23.83 Y-34.919
G1 X-23.637 Y-35.126
G1 X-23.447 Y-35.34
G1 X-23.262 Y-35.559
M5
G0 X26.815 Y-32.577
M3
G1 X26.91 Y-32.725
G1 X26.995 Y-32.865
G1 X27.073 Y-33.001
G1 X27.145 Y-33.131
G1 X27.21 Y-33.256
G1 X27.268 Y-33.379
G1 X27.324 Y-33.498
G1 X27.376 Y-33.616
G1 X27.425 Y-33.733
G1 X27.473 Y-33.849
G1 X27.52 Y-33.966
G1 X27.567 Y-34.084
G1 X27.616 Y-34.205
G1 X27.666 Y-34.328
G1 X27.719 Y-34.455
G1 X27.777 Y-34.587
G1 X27.838 Y-34.724
M5
G0 X-28.874 Y-34.128
M3
G1 X-28.715 Y-34.158
G1 X-28.565 Y-34.191
G1 X-28.423 Y-34.228
G1 X-28.291 Y-34.267
G1 X-28.164 Y-34.31
G1 X-28.044 Y-34.357
G1 X-27.928 Y-34.406
G1 X-27.815 Y-34.46
G1 X-27.706 Y-34.517
G1 X-27.597 Y-34.578
G1 X-27.489 Y-34.643
G1 X-27.38 Y-34.712
G1 X-27.269 Y-34.785
G1 X-27.155 Y-34.863
G1 X-27.038 Y-34.945
G1 X-26.914 Y-35.032
G1 X-26.785 Y-35.123
G1 X-26.649 Y-35.219
G1 X-26.504 Y-35.32
M5
G0 X-18.616 Y-34.128
M3
G1 X-18.414 Y-35.082
M5
G0 X0 Y0  ; return to centre
